merchant_id,total_txns,total_value,fraud_txns,fraud_value,fraud_rate_pct,merchant_category,merchant_country,merchant_risk_score,merchant_age_days,is_high_risk_outlier
1,823,261155.85,8,1479.35,0.9721,gift_cards,US,3.067,1756,False
2,873,202490.22,2,159.86,0.2291,gas_station,US,0.626,1499,False
3,861,230050.74,3,391.57,0.3484,healthcare,US,0.168,302,False
4,869,262099.95,8,1175.92,0.9206,gift_cards,US,2.771,937,False
5,914,257301.41999999998,8,4029.9500000000003,0.8753,travel,US,1.522,1008,False
6,980,248436.25,7,4450.01,0.7143,jewelry,US,1.664,556,False
7,896,238859.18,4,549.57,0.4464,gambling,US,2.21,2674,False
8,861,240174.9,11,4799.75,1.2776,digital_goods,US,2.434,2277,False
9,914,245240.74,6,491.04999999999995,0.6565,gift_cards,US,2.368,2655,False
10,935,250266.65,8,4197.96,0.8556,gift_cards,US,2.029,364,False
11,909,267980.27,3,1203.41,0.33,gift_cards,US,1.936,2865,False
12,922,213458.05,5,2079.88,0.5423,money_transfer,US,3.439,1532,False
13,921,221839.43,12,1801.61,1.3029,travel,GB,2.249,2023,False
14,907,250990.82,5,1041.8899999999999,0.5513,restaurant,US,1.177,2916,True
15,896,229070.13,4,1723.0,0.4464,home_improvement,US,0.273,693,False
16,875,206021.7,4,735.5600000000001,0.4571,grocery,CA,0.557,2583,False
17,923,300429.84,2,435.07,0.2167,grocery,US,0.245,2497,False
18,929,212915.52,7,4900.64,0.7535,home_improvement,US,0.755,978,False
19,912,244144.49,6,1497.79,0.6579,travel,US,1.262,1749,False
20,860,235169.3,10,2086.93,1.1628,jewelry,DE,2.447,2053,False
21,870,253613.23,2,82.25,0.2299,clothing_retail,CA,0.605,315,False
22,872,246062.1,2,214.27999999999997,0.2294,electronics,US,1.597,160,False
23,902,213884.05,6,1605.56,0.6652,money_transfer,US,6.084,204,False
24,902,287412.71,3,3204.84,0.3326,travel,US,1.21,2330,False
25,897,240051.19,6,1106.29,0.6689,subscription,US,0.875,1881,False
26,928,242102.86000000002,5,1132.53,0.5388,money_transfer,AU,3.567,1049,False
27,923,257677.91,4,1536.9699999999998,0.4334,travel,US,1.241,1986,False
28,885,232756.65,9,2613.85,1.0169,jewelry,AU,2.824,1925,False
29,964,268171.67,11,2765.97,1.1411,digital_goods,US,2.385,947,False
30,892,243989.23,1,189.36,0.1121,healthcare,CA,0.146,1517,False
31,899,278818.77,7,1547.1399999999999,0.7786,restaurant,CA,0.295,2810,False
32,844,228663.22,5,1047.55,0.5924,clothing_retail,US,0.882,2683,False
33,903,279758.22000000003,3,233.59,0.3322,gift_cards,US,1.24,554,False
34,867,244672.62,6,1029.3200000000002,0.692,home_improvement,US,0.465,791,False
35,901,243989.13,8,533.2900000000001,0.8879,gambling,US,1.575,489,False
36,943,232290.59,6,2293.1499999999996,0.6363,gift_cards,US,3.217,2818,False
37,849,278385.12,2,919.62,0.2356,utilities,US,0.171,1127,False
38,917,339732.48,12,4716.69,1.3086,money_transfer,US,2.457,1569,False
39,933,289453.67,7,914.56,0.7503,travel,US,1.603,1510,False
40,934,285968.29,10,1503.76,1.0707,gambling,US,4.39,162,False
41,875,238012.33,5,1417.92,0.5714,clothing_retail,US,0.556,1413,False
42,957,289516.84,6,1329.32,0.627,travel,US,1.004,277,False
43,906,264678.86,7,3293.74,0.7726,travel,CA,1.51,2084,False
44,877,248700.71,4,365.46,0.4561,clothing_retail,US,1.154,1077,False
45,938,252535.73,9,1153.72,0.9595,digital_goods,US,6.229,620,False
46,883,235340.67,4,604.86,0.453,healthcare,US,0.149,595,False
47,940,305063.41,7,7209.91,0.7447,restaurant,US,0.518,1571,False
48,876,242539.12,6,2054.5299999999997,0.6849,gas_station,US,0.413,532,False
49,872,234952.47,4,1981.53,0.4587,travel,US,0.828,1521,False
50,896,248151.45,2,3674.71,0.2232,restaurant,US,0.364,167,False
51,858,273311.89,3,234.85,0.3497,clothing_retail,US,0.638,2717,False
52,888,235830.79,11,890.23,1.2387,money_transfer,US,3.623,487,False
53,886,265535.58,4,1178.3999999999999,0.4515,travel,US,1.537,2421,False
54,936,225163.15,3,97.49000000000001,0.3205,digital_goods,US,2.744,2961,False
55,878,242836.46,5,1056.45,0.5695,money_transfer,US,5.69,2642,False
56,975,270030.85,7,2036.85,0.7179,restaurant,AU,0.848,2530,False
57,950,250565.69,3,1764.5700000000002,0.3158,utilities,US,0.101,2629,False
58,884,238763.9,8,672.33,0.905,electronics,US,1.478,1545,False
59,902,237108.3,1,124.56,0.1109,healthcare,US,0.185,328,False
60,912,267853.76,3,463.8,0.3289,electronics,US,1.641,2256,False
61,938,232750.97,5,885.74,0.533,subscription,US,0.474,1528,False
62,831,186591.45,1,3476.91,0.1203,restaurant,US,0.22,715,False
63,851,217124.39,4,3740.44,0.47,healthcare,US,0.117,2616,False
64,871,230707.13999999998,9,3222.88,1.0333,subscription,US,0.789,1297,False
65,895,265448.94,7,5290.71,0.7821,digital_goods,US,3.374,2480,False
66,929,246983.07,2,1188.49,0.2153,home_improvement,US,0.456,954,False
67,883,225610.46,10,1592.83,1.1325,gas_station,US,0.454,2749,False
68,904,241417.34,4,301.65,0.4425,gambling,US,2.288,2790,False
69,918,262432.89,6,11786.14,0.6536,jewelry,US,1.271,155,False
70,927,283683.37,7,3773.38,0.7551,home_improvement,US,0.308,2945,False
71,899,294935.43,1,300.85,0.1112,gas_station,US,0.373,1277,False
72,917,263789.61,3,104.16,0.3272,digital_goods,US,1.42,220,False
73,925,240555.82,10,2659.08,1.0811,electronics,US,4.46,374,True
74,924,251753.29,5,12027.09,0.5411,gift_cards,US,2.232,1071,False
75,931,328698.8,5,209.73,0.5371,restaurant,US,0.407,393,False
76,860,255213.05,3,121.97,0.3488,travel,US,0.719,2379,False
77,945,240964.28,7,4842.360000000001,0.7407,grocery,US,0.379,1689,False
78,894,248300.09,3,2891.1,0.3356,healthcare,US,0.237,783,False
79,927,254050.65,5,2906.54,0.5394,jewelry,US,1.792,2957,False
80,932,280972.49,5,844.18,0.5365,travel,GB,6.951,1417,True
81,932,315935.0,7,938.28,0.7511,jewelry,US,2.13,2275,False
82,903,254088.41,4,413.73,0.443,grocery,US,0.317,1127,False
83,913,239652.58,6,1129.29,0.6572,money_transfer,US,1.874,1626,False
84,866,242129.84,3,1033.07,0.3464,grocery,US,0.219,1566,False
85,887,271795.04,8,8228.619999999999,0.9019,gas_station,CA,0.385,2513,False
86,908,279753.25,4,3738.29,0.4405,jewelry,US,3.008,2333,False
87,873,233143.53,6,1529.17,0.6873,grocery,US,0.441,1904,False
88,882,254914.38,8,1895.51,0.907,clothing_retail,CA,0.557,483,False
89,870,316904.83,1,119.11,0.1149,home_improvement,US,0.428,283,False
90,934,262419.11,1,115.58,0.1071,gas_station,US,0.704,241,False
91,926,245360.2,9,1590.94,0.9719,home_improvement,US,0.349,1891,False
92,922,315202.08,4,10814.08,0.4338,gas_station,US,0.279,2616,False
93,914,234114.89,5,2171.7599999999998,0.547,healthcare,US,0.266,259,False
94,887,220290.68,8,1805.28,0.9019,gift_cards,US,3.556,1822,False
95,942,249719.98,7,11133.6,0.7431,grocery,US,0.337,1137,False
96,933,265479.06,11,4903.27,1.179,money_transfer,US,5.138,2756,False
97,853,198095.13,3,203.71,0.3517,subscription,US,0.91,1121,False
98,902,237301.98,5,606.72,0.5543,clothing_retail,US,0.897,2205,False
99,912,286326.85,7,3078.7,0.7675,gift_cards,US,1.878,2958,False
100,875,247446.84,7,10150.599999999999,0.8,clothing_retail,US,0.382,1070,False
101,879,227984.28,7,648.48,0.7964,money_transfer,US,4.027,408,False
102,892,274524.7,4,1248.56,0.4484,travel,US,1.334,2840,False
103,950,289038.76,9,1461.84,0.9474,travel,US,1.375,2546,False
104,865,234262.41,5,6840.76,0.578,grocery,CA,0.59,690,False
105,889,271668.69,6,5034.23,0.6749,gift_cards,US,4.33,931,False
106,934,261747.36,4,470.73,0.4283,travel,US,1.208,1655,False
107,943,323156.44,4,692.78,0.4242,healthcare,US,0.149,1457,False
108,846,227371.1,2,1224.56,0.2364,travel,GB,1.683,1496,False
109,867,223139.72,5,403.71999999999997,0.5767,healthcare,US,0.241,2664,False
110,943,276891.97,2,3245.56,0.2121,healthcare,US,0.184,2507,False
111,849,251566.61000000002,6,5110.01,0.7067,restaurant,AU,0.134,1278,False
112,922,286631.5,3,18052.55,0.3254,utilities,US,0.068,2153,False
113,926,231197.32,4,1576.3000000000002,0.432,restaurant,US,0.561,2039,False
114,895,230578.58000000002,3,346.99999999999994,0.3352,grocery,US,0.179,1506,False
115,831,261336.36000000002,12,4015.2200000000003,1.444,gambling,US,3.53,2655,False
116,876,278382.74,3,431.66999999999996,0.3425,restaurant,US,0.478,2170,False
117,915,325277.46,4,2575.94,0.4372,clothing_retail,US,0.471,620,False
118,852,216761.65,12,1575.49,1.4085,gift_cards,AU,4.3,1064,False
119,906,231425.16,9,4107.63,0.9934,money_transfer,GB,3.39,1011,False
120,852,207559.29,3,2479.6099999999997,0.3521,restaurant,US,0.377,2780,False
121,916,279646.94,4,1945.75,0.4367,subscription,US,0.379,1834,False
122,887,282231.52999999997,8,652.73,0.9019,restaurant,US,0.672,37,False
123,905,253004.29,8,1025.81,0.884,travel,US,0.807,1138,False
124,908,229767.64,3,448.95,0.3304,jewelry,US,1.359,2038,False
125,883,284390.2,4,1301.76,0.453,electronics,US,1.905,1343,False
126,929,250193.76,3,1218.66,0.3229,home_improvement,US,0.27,1981,False
127,934,241959.7,11,16022.05,1.1777,money_transfer,US,8.0,2152,False
128,902,245426.72,12,7968.16,1.3304,clothing_retail,AU,0.471,290,False
129,910,240304.55,4,569.5300000000001,0.4396,restaurant,US,0.549,2607,False
130,896,266199.86,4,82.67,0.4464,jewelry,US,4.245,2071,False
131,888,229001.44,2,133.57999999999998,0.2252,subscription,US,0.799,1149,False
132,923,260775.56,7,2042.0300000000002,0.7584,gift_cards,US,2.218,1419,False
133,894,286518.24,2,110.94,0.2237,healthcare,US,0.229,820,False
134,853,266052.44,7,1272.18,0.8206,digital_goods,US,4.299,1807,False
135,885,220891.61,2,59.99,0.226,grocery,US,0.165,2203,False
136,918,336260.79,11,24772.56,1.1983,electronics,US,2.792,1618,False
137,857,228886.49,7,1756.15,0.8168,home_improvement,US,0.487,1803,False
138,907,284425.36,4,534.37,0.441,utilities,US,0.213,2318,False
139,891,257440.74,11,8214.35,1.2346,money_transfer,US,4.154,2236,False
140,922,235193.87,2,2906.86,0.2169,restaurant,CA,0.425,2339,False
141,917,223276.97,4,156.14,0.4362,money_transfer,US,4.601,2821,False
142,883,231753.99,3,2051.41,0.3398,electronics,US,1.096,2102,False
143,930,255198.34,2,1557.18,0.2151,clothing_retail,GB,0.505,711,False
144,911,246515.0,2,263.26,0.2195,travel,US,1.337,782,False
145,933,241425.6,7,2092.05,0.7503,jewelry,US,1.784,2282,False
146,896,213310.35,6,3146.4800000000005,0.6696,jewelry,US,1.723,350,False
147,871,259724.83,5,2028.5,0.5741,clothing_retail,US,1.582,837,False
148,947,230035.02,11,2206.51,1.1616,gift_cards,US,6.148,2496,False
149,855,232300.59,1,101.64,0.117,healthcare,US,0.072,759,False
150,916,307983.44,6,6731.84,0.655,electronics,US,1.829,2233,False
151,864,253240.31,5,1119.08,0.5787,gift_cards,CA,1.862,2168,False
152,916,267177.21,6,2782.95,0.655,utilities,US,0.158,1204,False
153,897,271454.31,2,262.37,0.223,healthcare,US,0.219,880,False
154,917,252273.43,2,4284.16,0.2181,gas_station,CA,0.898,1044,False
155,852,257530.88,6,4136.389999999999,0.7042,gift_cards,US,2.126,67,False
156,907,257569.28,14,2261.0699999999997,1.5436,jewelry,US,1.504,1757,False
157,956,290250.01,5,605.4,0.523,subscription,US,0.55,1283,False
158,896,251806.21,5,1108.0,0.558,home_improvement,US,0.315,490,False
159,896,226971.63999999998,6,1828.27,0.6696,gambling,US,2.698,1104,False
160,836,228581.47,6,3306.14,0.7177,travel,US,2.09,391,False
161,919,333130.35,7,1094.5900000000001,0.7617,jewelry,US,2.652,101,False
162,876,273520.31,1,2649.27,0.1142,utilities,US,0.089,1971,False
163,906,267374.05,4,4710.08,0.4415,travel,US,1.328,1067,False
164,862,229528.27,6,803.19,0.6961,subscription,US,0.319,610,False
165,928,246775.17,7,5853.24,0.7543,digital_goods,US,1.145,1102,False
166,866,247321.83,9,7629.0599999999995,1.0393,gift_cards,US,4.87,2426,False
167,865,202877.34,7,9190.35,0.8092,gift_cards,US,2.212,1609,False
168,853,262215.29,6,16460.45,0.7034,jewelry,US,3.904,2166,False
169,850,231817.0,3,426.23,0.3529,restaurant,US,0.354,1492,False
170,958,272970.79,5,3410.6800000000003,0.5219,clothing_retail,DE,0.739,2578,False
171,878,234084.19,6,1648.9799999999998,0.6834,home_improvement,US,0.558,517,False
172,916,320565.75,6,7157.94,0.655,home_improvement,US,0.584,2940,False
173,859,234557.81,3,131.63,0.3492,digital_goods,US,2.035,2099,False
174,825,194101.85,3,2249.77,0.3636,healthcare,US,0.584,943,True
175,886,241474.07,2,215.35999999999999,0.2257,jewelry,CA,2.184,2742,False
176,989,292194.84,2,181.73999999999998,0.2022,subscription,US,0.698,1650,False
177,880,207327.79,3,5204.240000000001,0.3409,healthcare,US,0.216,2390,False
178,925,263291.59,5,755.62,0.5405,gambling,CA,2.091,1190,False
179,937,213939.53,3,132.19,0.3202,home_improvement,US,0.425,501,False
180,929,266859.06,6,4263.1900000000005,0.6459,electronics,US,1.002,1394,False
181,908,242816.42,5,10329.779999999999,0.5507,restaurant,US,0.4,1671,False
182,851,263613.21,6,4853.68,0.7051,jewelry,CA,2.307,306,False
183,894,316536.48,10,1849.6999999999998,1.1186,money_transfer,US,2.364,590,False
184,837,251550.02,5,374.83,0.5974,gambling,US,2.501,716,False
185,867,211585.95,7,3170.04,0.8074,gift_cards,US,2.443,1214,False
186,961,237184.21,5,2180.54,0.5203,electronics,US,1.477,618,False
187,944,282847.87,5,1262.15,0.5297,home_improvement,US,0.542,2634,False
188,888,257837.48,7,5061.59,0.7883,gift_cards,US,3.609,2083,False
189,923,183434.69,8,2027.1999999999998,0.8667,travel,US,1.91,377,False
190,945,233300.02,6,1056.9099999999999,0.6349,digital_goods,GB,5.741,996,False
191,936,315690.15,5,1127.17,0.5342,gambling,US,4.343,2824,False
192,907,279017.52,9,6048.5599999999995,0.9923,gift_cards,US,1.623,2479,False
193,841,208531.26,6,9627.029999999999,0.7134,restaurant,US,0.308,1031,False
194,925,322328.14,4,824.21,0.4324,healthcare,US,0.342,825,False
195,874,249140.74,4,194.57999999999998,0.4577,travel,US,1.11,1868,False
196,870,222588.62,6,1311.9,0.6897,gas_station,US,0.416,2200,False
197,868,272319.86,5,19964.79,0.576,jewelry,US,2.515,1496,False
198,889,251220.1,3,3381.15,0.3375,gambling,US,2.499,1587,False
199,885,229081.31,6,836.66,0.678,gambling,US,5.548,1673,False
200,911,237049.58000000002,5,2036.52,0.5488,travel,GB,1.219,1839,False
201,895,213214.75,4,724.03,0.4469,healthcare,US,0.525,1892,False
202,895,243670.91,3,61.15,0.3352,jewelry,US,1.758,1017,False
203,913,240398.46,8,4075.37,0.8762,clothing_retail,US,0.538,293,False
204,894,281592.45,6,2599.62,0.6711,digital_goods,US,1.79,1935,False
205,896,322101.7,4,1113.8899999999999,0.4464,healthcare,US,0.146,624,False
206,855,218046.85,6,1073.94,0.7018,home_improvement,CA,0.534,1897,False
207,888,229092.67,8,4972.709999999999,0.9009,money_transfer,US,2.045,2266,False
208,890,223306.1,1,565.09,0.1124,home_improvement,US,0.268,2294,False
209,864,234462.96,2,555.72,0.2315,home_improvement,US,0.492,2258,False
210,932,270386.7,5,2330.7700000000004,0.5365,utilities,US,0.05,1535,False
211,908,259103.98,3,1202.5700000000002,0.3304,money_transfer,US,1.942,1678,False
212,872,253243.11,9,1342.81,1.0321,electronics,US,1.763,2302,False
213,932,252011.48,14,4713.12,1.5021,gift_cards,US,3.532,2839,False
214,880,300184.08,5,662.25,0.5682,electronics,US,1.573,2928,False
215,879,304321.97,9,5307.83,1.0239,grocery,US,0.357,160,False
216,857,217471.03,3,182.88,0.3501,money_transfer,US,2.481,987,False
217,945,276484.03,6,1301.06,0.6349,travel,US,2.382,2709,False
218,930,274709.79,3,2984.1800000000003,0.3226,gas_station,US,0.72,1933,False
219,891,228491.27,8,1881.98,0.8979,gift_cards,US,2.166,1316,False
220,943,259175.41,8,5867.29,0.8484,gas_station,US,0.464,1830,False
221,917,216444.02,4,769.37,0.4362,subscription,US,0.273,2739,False
222,885,213545.53,1,95.76,0.113,grocery,GB,0.435,2329,False
223,921,272885.71,8,1114.81,0.8686,electronics,US,1.079,1414,False
224,900,297339.58,8,2128.57,0.8889,clothing_retail,US,0.564,2183,False
225,952,270160.04,4,285.06,0.4202,subscription,US,0.534,2317,False
226,883,240994.99,3,535.73,0.3398,gambling,US,1.615,2097,False
227,906,279567.75,4,1743.26,0.4415,utilities,US,0.072,2952,False
228,957,246587.88,5,1729.77,0.5225,clothing_retail,CA,0.812,1336,False
229,874,189338.09,12,4170.79,1.373,gift_cards,US,2.458,2626,False
230,935,247198.88,3,1206.34,0.3209,home_improvement,US,0.567,559,False
231,933,308336.7,6,1140.76,0.6431,electronics,US,2.422,295,False
232,937,328511.89,8,2675.26,0.8538,jewelry,US,1.567,541,False
233,885,250140.02,12,2749.9500000000003,1.3559,money_transfer,US,2.919,2360,False
234,871,185675.65,9,1459.9,1.0333,money_transfer,US,2.92,633,False
235,872,250334.87,3,647.23,0.344,utilities,US,0.085,1405,False
236,871,252291.09,3,379.08,0.3444,grocery,US,0.541,1125,False
237,914,242097.69,9,2210.26,0.9847,travel,US,1.404,888,False
238,862,250318.13,11,6188.200000000001,1.2761,gift_cards,US,1.545,591,False
239,898,201278.25,5,848.1999999999999,0.5568,travel,US,1.0,2145,False
240,955,264536.0,7,1416.95,0.733,clothing_retail,US,0.582,2075,False
241,898,256266.6,4,515.89,0.4454,healthcare,CA,0.237,1318,False
242,902,242261.8,12,2732.58,1.3304,jewelry,DE,4.524,2054,False
243,879,235386.95,8,1198.78,0.9101,gas_station,US,0.685,1776,False
244,890,242470.49,4,504.03999999999996,0.4494,grocery,US,0.288,442,False
245,890,210572.48,4,253.87,0.4494,restaurant,CA,0.285,2353,False
246,901,279345.83,8,1222.14,0.8879,electronics,US,3.178,1107,False
247,899,254207.58,4,809.05,0.4449,digital_goods,US,2.22,2473,False
248,910,214410.55,8,1410.2300000000002,0.8791,money_transfer,US,1.983,121,False
249,841,228121.27,8,8392.22,0.9512,digital_goods,US,2.885,1417,False
250,840,269186.18,7,12441.12,0.8333,gift_cards,US,1.83,2822,False
251,863,221510.11,3,1359.74,0.3476,restaurant,US,0.521,1338,False
252,892,222354.92,7,237.57999999999998,0.7848,electronics,US,1.538,2470,False
253,841,232658.6,14,8517.32,1.6647,money_transfer,US,3.097,1256,False
254,850,242622.7,3,3046.5,0.3529,healthcare,US,0.067,2101,False
255,937,295528.97,6,2338.6,0.6403,utilities,US,0.154,2039,False
256,913,236896.78,3,634.42,0.3286,healthcare,US,0.125,762,False
257,830,241666.64,7,1057.43,0.8434,clothing_retail,US,0.524,2844,False
258,894,239743.19,4,1189.23,0.4474,grocery,US,0.324,919,False
259,904,243133.29,3,434.16999999999996,0.3319,subscription,US,0.566,825,False
260,889,257105.09,5,408.52,0.5624,utilities,US,0.251,552,False
261,922,271336.94,5,4149.79,0.5423,jewelry,US,1.104,878,False
262,872,290143.75,5,2253.24,0.5734,grocery,US,0.257,2967,False
263,910,280425.82,2,46.239999999999995,0.2198,healthcare,US,0.274,1954,False
264,886,266681.14,9,3724.5699999999997,1.0158,digital_goods,US,2.094,1851,False
265,910,223723.45,2,18.58,0.2198,gas_station,GB,0.499,1360,False
266,931,281206.94,7,4350.4,0.7519,home_improvement,US,1.125,735,False
267,899,236370.45,6,6667.92,0.6674,digital_goods,AU,2.567,170,False
268,898,246780.74,11,2374.23,1.2249,jewelry,US,3.853,2250,False
269,949,256493.59,6,7885.969999999999,0.6322,healthcare,US,0.259,245,False
270,816,179780.85,4,735.24,0.4902,gas_station,US,0.672,565,False
271,919,281007.92,11,4620.0199999999995,1.197,jewelry,US,2.032,1825,False
272,882,218551.15,6,1486.6499999999999,0.6803,utilities,US,0.052,1484,False
273,963,285330.14,3,1086.76,0.3115,clothing_retail,US,1.082,1152,False
274,876,280361.28,11,34821.909999999996,1.2557,gambling,US,3.498,1990,False
275,880,180387.97,8,755.13,0.9091,utilities,US,0.124,1884,False
276,922,247891.81,9,4109.08,0.9761,gift_cards,US,2.825,916,False
277,927,271129.11,7,1762.09,0.7551,home_improvement,US,0.309,2265,False
278,904,278741.08,9,2622.25,0.9956,digital_goods,US,4.243,2911,False
279,834,212393.24,3,256.56,0.3597,healthcare,US,0.228,1044,False
280,894,287315.46,3,686.9100000000001,0.3356,home_improvement,US,0.192,2405,False
281,874,248014.1,3,334.12,0.3432,subscription,US,0.587,1757,False
282,865,247157.4,6,5219.8099999999995,0.6936,gift_cards,US,2.657,1605,False
283,871,225044.36,6,5343.09,0.6889,gambling,US,0.979,1284,False
284,879,229982.35,2,631.21,0.2275,gambling,US,2.076,1920,False
285,896,247132.08,6,1121.06,0.6696,electronics,US,5.085,2770,False
286,923,275192.24,2,152.3,0.2167,utilities,US,0.05,520,False
287,913,268434.74,3,1712.92,0.3286,grocery,US,0.189,2896,False
288,818,264357.77999999997,1,11.47,0.1222,grocery,CA,0.113,641,False
289,915,244230.48,4,1390.27,0.4372,grocery,US,0.159,2036,False
290,871,228974.71,3,2800.2,0.3444,utilities,US,0.05,1796,False
291,901,261468.83,5,646.71,0.5549,restaurant,CA,0.249,1163,False
292,873,219149.4,4,1360.36,0.4582,grocery,US,0.596,2164,False
293,892,278753.44,10,5109.44,1.1211,digital_goods,US,3.592,2848,False
294,875,217134.26,6,5318.53,0.6857,clothing_retail,US,0.631,2472,False
295,950,257201.05,5,6788.28,0.5263,home_improvement,US,0.781,1026,False
296,875,225136.27,9,2730.21,1.0286,money_transfer,US,2.893,1232,False
297,859,212768.99,4,1116.91,0.4657,home_improvement,US,0.273,1602,False
298,912,251825.28,5,2549.81,0.5482,grocery,US,0.252,665,False
299,882,231801.45,3,309.28,0.3401,utilities,US,0.053,2822,False
300,906,249973.67,3,1556.5500000000002,0.3311,gambling,US,1.317,47,False
301,916,270636.64,10,2871.39,1.0917,gift_cards,US,3.906,1837,False
302,892,248206.58,5,2485.22,0.5605,clothing_retail,US,2.662,831,True
303,891,237970.38,4,1147.42,0.4489,jewelry,US,1.315,1220,False
304,876,241766.16,6,1417.42,0.6849,travel,US,1.567,511,False
305,912,237227.93,1,81.4,0.1096,subscription,US,0.735,125,False
306,898,298909.41000000003,11,3711.81,1.2249,digital_goods,US,1.963,1785,False
307,860,224376.16,3,216.38,0.3488,digital_goods,US,1.708,2377,False
308,939,245773.76,9,14765.619999999999,0.9585,healthcare,DE,0.275,353,False
309,946,234873.33,6,834.97,0.6342,restaurant,US,0.478,287,False
310,907,274284.23,8,1163.37,0.882,grocery,US,0.602,704,False
311,908,265859.99,4,755.28,0.4405,healthcare,US,0.238,297,False
312,857,247505.41,5,1937.69,0.5834,jewelry,CA,1.083,1314,False
313,909,288201.91,6,704.59,0.6601,clothing_retail,AU,0.379,705,False
314,922,231611.69,10,2626.12,1.0846,jewelry,US,2.017,1505,False
315,905,246143.8,6,4917.89,0.663,home_improvement,US,0.553,1902,False
316,895,227658.85,5,358.84000000000003,0.5587,electronics,US,2.047,965,False
317,919,310590.76,4,936.06,0.4353,electronics,US,1.406,2683,False
318,921,281554.04,4,2680.08,0.4343,jewelry,US,1.122,1539,False
319,850,241854.03,8,5405.7300000000005,0.9412,digital_goods,US,4.499,54,False
320,930,215975.29,5,397.83,0.5376,jewelry,US,3.884,1317,False
321,919,238688.23,10,5492.58,1.0881,money_transfer,US,1.993,2043,False
322,928,288647.03,6,1431.09,0.6466,clothing_retail,US,0.913,1381,False
323,890,253255.89,5,1659.81,0.5618,gift_cards,US,3.322,1579,False
324,939,307034.76,2,498.09999999999997,0.213,grocery,US,0.394,2238,False
325,905,246749.85,9,3762.0,0.9945,travel,US,2.386,1874,False
326,881,200841.29,5,871.47,0.5675,restaurant,US,0.707,445,False
327,897,284550.74,4,442.4,0.4459,digital_goods,US,3.061,2079,False
328,915,267029.56,3,432.23,0.3279,jewelry,US,1.996,408,False
329,901,246566.72,3,1903.81,0.333,gas_station,US,0.444,1987,False
330,890,224069.33,4,1086.31,0.4494,clothing_retail,US,0.641,2073,False
331,918,286427.37,15,2339.87,1.634,digital_goods,CA,7.45,2496,False
332,893,256011.55,1,1131.74,0.112,utilities,US,0.102,2947,False
333,903,209780.23,1,91.84,0.1107,grocery,US,0.41,353,False
334,892,272294.11,6,4088.63,0.6726,grocery,CA,0.354,2925,False
335,894,254439.99,5,2380.11,0.5593,utilities,US,0.067,693,False
336,914,254975.62,3,131.73,0.3282,healthcare,US,0.242,80,False
337,889,230289.24,12,6715.5,1.3498,electronics,US,1.381,2538,False
338,887,232656.43,10,2016.75,1.1274,jewelry,US,1.507,2710,False
339,848,232660.82,4,1303.45,0.4717,electronics,US,2.283,241,False
340,947,335327.49,4,1366.62,0.4224,restaurant,US,0.241,1390,False
341,901,231851.73,6,517.37,0.6659,healthcare,US,0.284,2942,False
342,918,291431.43,2,47.25,0.2179,healthcare,GB,0.251,2145,False
343,910,240407.74,11,5401.91,1.2088,digital_goods,US,4.146,1380,False
344,925,236647.21,6,2218.6400000000003,0.6486,gift_cards,US,3.635,2332,False
345,858,197872.41,3,270.08000000000004,0.3497,grocery,CA,0.205,1079,False
346,925,278211.95,9,6885.799999999999,0.973,digital_goods,US,3.904,884,False
347,919,213524.98,3,104.11,0.3264,utilities,GB,0.159,1347,False
348,883,269352.13,8,7841.889999999999,0.906,gambling,US,4.003,2585,False
349,923,254385.31,8,2061.9,0.8667,clothing_retail,US,0.939,877,False
350,912,217665.2,3,10092.96,0.3289,subscription,US,0.332,1796,False
351,950,278175.0,1,96.89,0.1053,clothing_retail,US,0.986,2482,False
352,889,222841.13999999998,1,85.96,0.1125,clothing_retail,US,0.425,105,False
353,965,319160.81,5,1156.84,0.5181,gas_station,US,0.39,1859,False
354,882,233751.62,6,1930.15,0.6803,gas_station,US,0.359,2658,False
355,886,255514.74,7,907.93,0.7901,money_transfer,US,1.869,885,False
356,903,264316.69,8,4251.47,0.8859,digital_goods,US,2.684,503,False
357,895,241961.5,4,1936.3400000000001,0.4469,digital_goods,US,2.469,2346,False
358,885,230230.29,4,1116.51,0.452,restaurant,US,0.68,1035,False
359,883,260393.55,2,42.65,0.2265,restaurant,DE,0.648,2134,False
360,888,261818.64,3,614.12,0.3378,electronics,CA,1.932,1488,False
361,901,221228.05,6,1144.75,0.6659,home_improvement,GB,0.548,1773,False
362,896,233089.58,10,7991.24,1.1161,electronics,US,1.727,1126,False
363,943,241087.81,4,11206.21,0.4242,subscription,US,0.574,1347,False
364,934,248354.36000000002,6,10392.470000000001,0.6424,home_improvement,US,0.421,171,False
365,915,227780.72,3,270.63,0.3279,restaurant,US,0.377,2547,False
366,931,275400.81,5,230.33,0.5371,subscription,US,0.653,1027,False
367,893,245119.04,18,10882.67,2.0157,money_transfer,US,4.564,646,False
368,860,213265.01,6,1299.8,0.6977,restaurant,US,0.246,161,False
369,891,242288.96,5,915.56,0.5612,money_transfer,CA,2.973,2722,False
370,886,263174.14,4,334.65,0.4515,travel,US,3.709,2177,True
371,879,221509.25,2,21.8,0.2275,gas_station,US,0.401,1801,False
372,911,256871.74,6,600.03,0.6586,utilities,US,0.227,1622,True
373,910,286541.29,9,2198.4700000000003,0.989,money_transfer,US,5.254,2836,False
374,907,225824.84,2,924.85,0.2205,healthcare,US,0.149,2156,False
375,922,241654.08,5,5481.79,0.5423,home_improvement,US,0.476,2808,False
376,866,236878.33,10,5875.48,1.1547,jewelry,US,2.336,1521,False
377,803,210166.94,6,1954.65,0.7472,digital_goods,US,3.566,278,False
378,921,247386.48,4,1310.75,0.4343,gift_cards,AU,2.922,795,False
379,943,292740.43,6,6308.759999999999,0.6363,subscription,US,0.437,1023,False
380,918,292666.26,3,377.91999999999996,0.3268,healthcare,CA,0.154,2707,False
381,865,237324.31,12,1804.05,1.3873,jewelry,US,4.267,1976,False
382,855,241195.59,12,23325.510000000002,1.4035,electronics,GB,1.454,571,False
383,924,274129.34,4,3899.95,0.4329,subscription,US,0.472,412,False
384,856,277122.39,0,0.0,0.0,grocery,US,0.249,1368,False
385,856,264329.99,9,2611.87,1.0514,money_transfer,US,3.141,1654,False
386,950,251861.46,7,8229.14,0.7368,jewelry,US,1.869,1282,False
387,848,227715.91,8,1275.43,0.9434,gift_cards,US,3.76,1043,False
388,926,224126.72,5,426.76,0.54,healthcare,US,0.208,1857,False
389,947,268562.06,5,3994.3399999999997,0.528,gas_station,CA,0.395,2998,False
390,934,292191.46,10,2291.29,1.0707,gambling,US,3.738,2742,False
391,908,215145.29,3,935.14,0.3304,restaurant,US,0.448,625,False
392,890,261469.15,10,1379.82,1.1236,jewelry,US,3.741,2312,False
393,913,284337.55,2,232.47,0.2191,travel,US,1.475,358,False
394,966,301043.87,4,364.46999999999997,0.4141,clothing_retail,AU,0.665,263,False
395,817,234352.94,5,2848.52,0.612,utilities,US,0.092,1382,False
396,909,238595.76,5,3063.21,0.5501,grocery,US,0.318,854,False
397,909,271406.19,8,1084.47,0.8801,subscription,US,0.695,754,False
398,878,260714.75,15,4874.36,1.7084,gift_cards,US,2.998,1871,False
399,883,271962.43,6,514.84,0.6795,money_transfer,US,2.934,2432,False
400,934,235375.45,4,1059.65,0.4283,home_improvement,US,0.514,1633,False
401,885,222384.89,2,1328.82,0.226,utilities,US,0.119,81,False
402,881,286203.36,4,1428.8,0.454,grocery,US,0.302,2993,False
403,955,273908.2,8,5731.9,0.8377,travel,US,1.698,1967,False
404,837,249982.83,4,5379.95,0.4779,electronics,CA,1.746,1318,False
405,858,338584.6,5,3934.1200000000003,0.5828,grocery,US,0.301,1240,False
406,902,265837.02999999997,6,2156.79,0.6652,travel,US,1.674,2369,False
407,898,202766.1,11,4110.09,1.2249,digital_goods,US,3.444,2796,False
408,895,261912.86000000002,5,301.39000000000004,0.5587,restaurant,US,0.519,226,False
409,909,261209.99,7,1259.18,0.7701,money_transfer,AU,2.578,2743,False
410,947,213499.05,10,6418.73,1.056,clothing_retail,US,0.814,1324,False
411,911,237574.87,8,4211.3,0.8782,digital_goods,US,6.287,2407,True
412,879,242822.47,4,7890.08,0.4551,gift_cards,CA,3.509,153,False
413,935,296261.2,5,1687.51,0.5348,clothing_retail,US,1.452,1305,False
414,844,226934.45,7,2200.79,0.8294,gambling,US,2.574,1724,False
415,921,209044.33,7,476.98,0.76,gift_cards,GB,3.027,1296,False
416,907,258740.45,2,285.29999999999995,0.2205,grocery,US,0.24,211,False
417,882,216934.69,5,477.24,0.5669,gas_station,US,0.463,93,False
418,949,226099.05,1,150.82,0.1054,grocery,US,0.229,2621,False
419,903,237380.12,7,1473.16,0.7752,subscription,US,0.391,2785,False
420,960,257323.69,0,0.0,0.0,clothing_retail,US,0.32,2115,False
421,918,226405.46,2,2806.8599999999997,0.2179,travel,AU,0.984,2932,False
422,911,245077.88,11,1966.41,1.2075,travel,US,2.129,2732,True
423,888,233916.83,4,169.68,0.4505,travel,US,1.27,656,False
424,882,267769.71,4,325.37,0.4535,clothing_retail,US,0.564,1697,False
425,904,241608.4,9,1764.7999999999997,0.9956,clothing_retail,US,1.058,1434,False
426,896,227180.03,6,3011.1099999999997,0.6696,utilities,CA,0.109,2767,False
427,941,246550.69,6,555.58,0.6376,utilities,US,0.135,1748,False
428,894,225561.94,16,3538.66,1.7897,gift_cards,US,4.445,415,False
429,888,229472.67,12,2643.84,1.3514,money_transfer,US,6.096,1633,False
430,961,253185.95,1,736.51,0.1041,utilities,US,0.148,1540,False
431,920,247906.07,3,1782.76,0.3261,gas_station,US,0.351,1454,False
432,867,206072.45,8,2563.1,0.9227,gambling,CA,3.948,1093,False
433,901,244431.83,1,45.71,0.111,restaurant,US,0.455,1830,False
434,888,302258.4,18,40865.979999999996,2.027,digital_goods,US,4.284,1200,False
435,951,282490.35,12,3372.23,1.2618,travel,US,1.313,2374,False
436,919,242069.32,6,2421.54,0.6529,money_transfer,US,5.532,1013,False
437,895,244546.61,3,4112.23,0.3352,gambling,US,2.914,1260,False
438,892,265589.5,9,1056.3899999999999,1.009,subscription,US,0.634,373,False
439,877,231473.09,6,4928.82,0.6842,healthcare,US,0.261,251,False
440,912,254838.51,2,113.45,0.2193,grocery,US,0.265,1232,False
441,851,258788.57,8,5290.81,0.9401,digital_goods,US,3.119,848,False
442,891,281387.39,6,3734.1000000000004,0.6734,clothing_retail,US,0.381,2168,False
443,902,223359.75,8,1966.28,0.8869,electronics,US,2.184,384,False
444,920,308297.6,4,220.95,0.4348,jewelry,US,1.323,723,False
445,893,246647.57,4,614.52,0.4479,clothing_retail,DE,0.874,1823,False
446,950,223874.74,5,2134.88,0.5263,digital_goods,US,0.718,129,False
447,937,280091.69,4,4255.87,0.4269,gas_station,US,0.242,1541,False
448,907,276838.45,9,5782.99,0.9923,gambling,US,2.86,1964,False
449,905,360502.05,8,3887.01,0.884,travel,GB,1.337,474,False
450,923,221146.81,6,2603.24,0.6501,healthcare,CA,0.181,559,False
451,940,257387.37,7,1618.8,0.7447,electronics,CA,2.403,1039,False
452,902,246605.95,3,656.26,0.3326,utilities,US,0.145,207,False
453,958,265425.24,16,5043.03,1.6701,digital_goods,US,6.88,2741,False
454,964,249901.19,8,3994.71,0.8299,utilities,US,0.102,1992,False
455,887,262204.82,7,3000.11,0.7892,clothing_retail,US,1.059,2618,False
456,895,228357.6,2,1261.0200000000002,0.2235,restaurant,CA,0.287,1097,False
457,918,244303.75,5,965.37,0.5447,healthcare,US,0.161,1772,False
458,900,286817.66,5,1315.25,0.5556,clothing_retail,US,0.504,1346,False
459,856,256146.11000000002,8,21499.17,0.9346,gambling,US,2.679,80,False
460,892,226841.41,7,4002.8700000000003,0.7848,gift_cards,US,3.28,1227,False
461,883,274760.23,9,2574.02,1.0193,restaurant,US,0.607,2373,False
462,948,298611.52,8,1362.53,0.8439,gift_cards,CA,3.445,364,False
463,890,237845.57,9,5452.1900000000005,1.0112,electronics,CA,3.072,183,False
464,900,385689.78,5,1786.1100000000001,0.5556,electronics,US,3.093,118,False
465,904,266230.27,4,262.66999999999996,0.4425,restaurant,US,0.407,2748,False
466,933,249474.98,8,1753.67,0.8574,digital_goods,US,2.398,1461,False
467,891,238293.98,5,830.28,0.5612,gas_station,US,0.272,1759,False
468,889,237696.69,4,157.81,0.4499,healthcare,US,0.161,1927,False
469,893,246398.19,4,1502.97,0.4479,jewelry,US,1.592,785,False
470,921,285954.53,4,155.2,0.4343,grocery,US,0.221,1711,False
471,874,231098.64,2,55.96,0.2288,gambling,US,2.363,313,False
472,948,268661.55,3,800.03,0.3165,clothing_retail,GB,0.864,727,False
473,945,274223.08,3,59.06,0.3175,healthcare,US,0.225,2218,False
474,911,208884.6,2,871.29,0.2195,travel,US,1.93,2447,False
475,967,218212.46,4,1132.48,0.4137,utilities,US,0.117,425,False
476,990,268620.86,9,397.85,0.9091,jewelry,US,1.737,797,False
477,918,267295.91,4,630.39,0.4357,grocery,US,0.406,1413,False
478,885,230285.71,7,5062.85,0.791,money_transfer,US,2.023,1893,False
479,940,293429.86,10,2004.49,1.0638,jewelry,US,3.252,93,False
480,874,270962.02999999997,3,547.74,0.3432,utilities,US,0.074,1903,False
481,889,221983.23,2,291.74,0.225,gambling,US,1.118,2742,False
482,951,249145.39,9,3109.9399999999996,0.9464,electronics,US,2.238,2599,False
483,924,220729.29,6,1129.14,0.6494,home_improvement,DE,0.353,2324,False
484,906,222183.32,5,1498.3899999999999,0.5519,clothing_retail,US,1.12,1852,False
485,937,292753.75,4,871.02,0.4269,healthcare,CA,0.294,499,False
486,889,210819.15,4,1395.8500000000001,0.4499,subscription,US,0.404,1789,False
487,905,244358.72,7,2635.84,0.7735,gift_cards,US,5.517,1926,False
488,915,281302.95,8,4293.08,0.8743,gambling,US,1.318,707,False
489,858,271830.54,9,2671.12,1.049,electronics,US,2.168,1448,False
490,944,243400.32,10,933.6,1.0593,travel,CA,2.298,1558,False
491,894,260812.01,3,55.56,0.3356,home_improvement,GB,0.266,287,False
492,955,233402.04,17,2951.02,1.7801,digital_goods,US,5.819,535,False
493,901,232527.85,15,3242.2799999999997,1.6648,gambling,US,9.657,1413,True
494,904,307294.76,1,1150.23,0.1106,home_improvement,US,0.464,2576,False
495,838,201164.61000000002,18,5006.889999999999,2.148,money_transfer,US,5.599,1131,False
496,915,229015.33000000002,10,1663.25,1.0929,money_transfer,GB,4.137,2529,False
497,855,257802.99,2,1066.04,0.2339,restaurant,US,0.235,715,False
498,873,212113.84,7,3440.33,0.8018,utilities,US,0.05,622,False
499,915,240885.4,7,4832.64,0.765,gambling,US,1.895,2810,False
500,916,266021.69,7,512.86,0.7642,home_improvement,US,0.28,1401,False
501,900,211966.99,9,2904.01,1.0,electronics,US,1.232,704,False
502,950,252512.99,7,1827.3899999999999,0.7368,gambling,AU,2.174,2197,False
503,896,247604.69,5,803.85,0.558,grocery,US,0.096,2005,False
504,921,229176.0,4,965.46,0.4343,restaurant,US,0.248,332,False
505,868,273298.06,5,1645.1,0.576,restaurant,US,0.498,2920,False
506,911,273586.59,7,2724.8,0.7684,restaurant,US,0.607,386,False
507,940,239216.55,2,1174.2,0.2128,grocery,CA,0.224,90,False
508,933,256659.81,5,573.45,0.5359,grocery,US,0.395,2544,False
509,843,203783.94,5,485.75,0.5931,money_transfer,US,1.242,444,False
510,960,298634.73,2,85.19999999999999,0.2083,electronics,US,2.005,1454,False
511,932,239072.35,10,3397.57,1.073,digital_goods,US,4.016,2114,False
512,885,268567.13,2,291.48,0.226,clothing_retail,US,0.86,2203,False
513,890,281242.47,5,1029.54,0.5618,electronics,US,1.781,1660,False
514,929,263472.02,7,2429.64,0.7535,gas_station,US,0.18,534,False
515,921,256904.38999999998,13,3490.92,1.4115,gift_cards,US,6.39,2449,False
516,888,199733.26,5,431.01,0.5631,gas_station,US,1.087,2006,False
517,856,268156.69,3,3310.65,0.3505,subscription,US,0.794,1452,False
518,883,215554.68,9,2056.71,1.0193,healthcare,US,0.341,1850,False
519,884,256174.46,4,2918.7400000000002,0.4525,utilities,US,0.1,2749,False
520,949,267169.49,6,6774.6900000000005,0.6322,gas_station,US,0.678,2066,False
521,902,257473.78,3,362.51,0.3326,restaurant,US,0.56,659,False
522,841,220520.23,5,6770.0,0.5945,utilities,US,0.097,2553,False
523,938,264480.47000000003,5,5135.379999999999,0.533,home_improvement,US,0.287,1475,False
524,890,244532.25,10,3291.64,1.1236,grocery,US,0.426,2796,False
525,937,277379.22000000003,3,605.47,0.3202,travel,CA,2.756,2581,False
526,927,269569.98,6,873.62,0.6472,clothing_retail,US,1.15,2926,False
527,908,241806.82,6,4996.43,0.6608,gambling,US,3.209,433,False
528,871,220511.73,8,2623.34,0.9185,gift_cards,US,3.334,2863,False
529,914,308592.92,2,397.88,0.2188,grocery,US,0.341,1747,False
530,940,235795.43,6,905.79,0.6383,restaurant,US,0.16,2459,False
531,971,254704.68,11,11513.58,1.1329,gift_cards,US,2.875,1239,False
532,858,272989.29,12,1813.1899999999998,1.3986,money_transfer,US,3.21,2044,False
533,886,248070.19,6,11981.67,0.6772,gift_cards,US,1.851,1780,False
534,858,256213.71,9,5302.860000000001,1.049,gift_cards,US,4.574,783,False
535,892,238216.37,3,228.56,0.3363,jewelry,US,2.463,482,False
536,945,249862.44,3,659.99,0.3175,clothing_retail,US,0.246,2417,False
537,891,249113.47,4,734.1300000000001,0.4489,healthcare,US,0.22,1749,False
538,941,251311.25,8,1761.37,0.8502,jewelry,US,3.666,2333,False
539,930,224245.44,7,2832.5800000000004,0.7527,clothing_retail,GB,0.552,1770,False
540,876,223298.77,4,539.17,0.4566,home_improvement,US,0.265,582,False
541,870,266138.22000000003,9,2007.9,1.0345,money_transfer,US,2.09,1773,False
542,962,274010.25,13,4975.58,1.3514,money_transfer,AU,8.401,35,True
543,901,237642.86,5,239.12,0.5549,subscription,US,0.449,559,False
544,871,313209.82,3,8078.4,0.3444,gambling,US,1.555,1751,False
545,895,268876.96,5,4050.98,0.5587,grocery,US,0.574,1188,False
546,894,241670.13999999998,9,5748.63,1.0067,electronics,GB,1.953,2354,False
547,888,252839.72,4,850.92,0.4505,clothing_retail,US,0.568,1378,False
548,927,286862.91,6,7054.8099999999995,0.6472,electronics,US,3.516,2048,False
549,882,208997.4,6,693.6899999999999,0.6803,healthcare,US,0.223,1981,False
550,907,227211.29,4,1624.51,0.441,utilities,US,0.095,202,False
551,902,214783.69,8,3767.7700000000004,0.8869,digital_goods,US,2.728,2849,False
552,923,254832.51,7,1359.1,0.7584,gambling,AU,2.266,1265,False
553,970,299694.43,7,1779.62,0.7216,gas_station,US,0.473,273,False
554,897,253598.74,4,347.83000000000004,0.4459,healthcare,US,0.253,2012,False
555,906,263136.32,13,1667.3,1.4349,gift_cards,US,5.878,2846,False
556,927,223599.82,8,5030.96,0.863,money_transfer,US,2.81,2572,False
557,918,291252.96,6,1131.36,0.6536,restaurant,US,0.514,2580,False
558,899,238018.16,2,1738.73,0.2225,restaurant,US,0.222,612,False
559,876,252685.26,10,1367.09,1.1416,travel,US,1.592,1184,False
560,886,304159.25,12,15203.390000000001,1.3544,jewelry,US,4.526,1581,False
561,836,267332.29,2,416.23,0.2392,utilities,US,0.101,1692,False
562,872,254506.8,0,0.0,0.0,home_improvement,US,0.318,314,False
563,924,276309.49,3,236.79,0.3247,home_improvement,US,0.323,812,False
564,882,249186.28,7,1997.19,0.7937,gift_cards,GB,3.641,621,False
565,914,272324.0,5,1769.2199999999998,0.547,home_improvement,US,0.41,1502,False
566,953,266814.39,4,1221.55,0.4197,clothing_retail,US,0.595,761,False
567,919,258759.91,11,1132.8,1.197,travel,US,1.688,2454,False
568,920,258226.58,9,1428.81,0.9783,money_transfer,US,2.464,1524,False
569,899,261847.49,3,759.02,0.3337,restaurant,US,0.565,52,False
570,860,235017.76,6,3205.39,0.6977,gambling,GB,2.469,2402,False
571,891,234138.61000000002,5,446.37999999999994,0.5612,home_improvement,US,0.521,2677,False
572,887,222608.75,6,454.68,0.6764,digital_goods,US,3.498,934,False
573,860,231432.56,5,3495.7,0.5814,utilities,US,0.05,1607,False
574,900,266992.31,0,0.0,0.0,restaurant,AU,0.389,669,False
575,916,211544.91,1,2599.83,0.1092,utilities,US,0.054,1852,False
576,871,258436.92,2,45.94,0.2296,utilities,GB,0.05,1549,False
577,900,238244.09,4,972.3,0.4444,jewelry,US,2.003,1444,False
578,908,305717.74,6,5102.139999999999,0.6608,gas_station,AU,0.565,572,False
579,881,243765.48,0,0.0,0.0,home_improvement,US,0.216,753,False
580,922,277521.37,6,6323.62,0.6508,gambling,US,3.121,445,False
581,883,258199.71,7,314.46000000000004,0.7928,money_transfer,US,2.467,1152,False
582,946,327031.09,5,970.1500000000001,0.5285,gift_cards,US,3.083,30,False
583,851,249280.45,5,1400.86,0.5875,grocery,US,0.825,1521,False
584,919,274606.19,4,221.56,0.4353,money_transfer,US,3.083,1085,False
585,861,196186.63999999998,7,10848.9,0.813,clothing_retail,US,0.444,1298,False
586,899,260728.54,5,5135.870000000001,0.5562,restaurant,US,0.397,2350,False
587,902,278146.52,4,446.36,0.4435,jewelry,US,2.039,1766,False
588,929,279276.45,3,349.4,0.3229,clothing_retail,US,0.61,2873,False
589,900,305722.45,11,1182.58,1.2222,gift_cards,US,3.041,123,False
590,912,257451.32,8,2023.0700000000002,0.8772,gas_station,AU,0.464,171,False
591,921,235404.11000000002,6,4854.32,0.6515,restaurant,US,0.244,2149,False
592,848,222573.21,4,2207.29,0.4717,electronics,US,2.503,2490,False
593,956,197929.12,5,1337.17,0.523,grocery,CA,0.507,1655,False
594,872,244677.79,11,999.2100000000002,1.2615,gift_cards,US,2.585,1126,False
595,920,243240.13,2,148.87,0.2174,restaurant,US,0.46,2740,False
596,895,262351.53,2,14.91,0.2235,travel,US,0.574,844,False
597,877,239751.52,2,61.769999999999996,0.2281,clothing_retail,US,0.695,1497,False
598,889,227955.9,4,4732.7699999999995,0.4499,healthcare,US,0.432,2931,False
599,900,267482.32,5,686.29,0.5556,gambling,AU,3.856,139,False
600,932,289136.61,5,14225.34,0.5365,travel,US,1.383,2409,False
601,866,255418.05,8,3784.1800000000003,0.9238,gas_station,US,0.491,2441,False
602,903,231325.23,5,784.61,0.5537,clothing_retail,US,0.621,1506,False
603,873,266059.8,7,634.53,0.8018,clothing_retail,CA,0.828,2826,False
604,868,178924.2,4,596.71,0.4608,travel,US,1.962,543,False
605,913,227083.84,5,842.6600000000001,0.5476,gift_cards,US,2.455,1852,False
606,908,231954.78,8,713.4300000000001,0.8811,healthcare,GB,0.27,2617,False
607,946,285408.06,5,693.94,0.5285,healthcare,US,0.492,1165,True
608,895,244033.29,3,232.68,0.3352,gambling,US,2.351,809,False
609,871,250052.63,3,877.4399999999999,0.3444,gas_station,GB,0.321,1659,False
610,867,235509.57,10,5495.04,1.1534,gift_cards,US,3.199,1674,False
611,867,243180.0,7,1961.3,0.8074,home_improvement,US,0.414,2609,False
612,863,245607.41,6,3093.33,0.6952,gambling,US,3.281,1056,False
613,913,259991.99,3,156.63,0.3286,healthcare,US,0.226,279,False
614,919,234117.94,5,740.99,0.5441,grocery,US,0.401,2506,False
615,974,282722.71,4,955.96,0.4107,healthcare,CA,0.46,195,False
616,893,271216.58,5,1024.56,0.5599,grocery,US,0.402,573,False
617,895,250595.07,6,1225.37,0.6704,digital_goods,US,1.135,2505,False
618,919,319653.67,4,354.97,0.4353,electronics,US,1.63,2200,False
619,940,217575.24,7,1804.67,0.7447,gift_cards,US,2.958,529,False
620,955,248710.12,5,837.5699999999999,0.5236,gambling,US,1.486,381,False
621,915,281084.72000000003,5,1837.45,0.5464,utilities,US,0.139,2121,False
622,939,243905.4,7,2219.58,0.7455,clothing_retail,US,1.432,1899,False
623,936,235243.4,5,680.2,0.5342,electronics,US,1.273,2745,False
624,872,214454.49,7,770.11,0.8028,gambling,DE,4.641,1475,False
625,897,251815.2,10,3345.05,1.1148,electronics,US,2.765,745,False
626,872,233562.21,2,54.9,0.2294,utilities,US,0.112,181,False
627,878,243131.49,2,42.76,0.2278,subscription,US,0.836,2810,False
628,889,228524.53,7,2455.4300000000003,0.7874,grocery,GB,0.221,332,False
629,921,290365.18,15,4068.62,1.6287,gift_cards,US,4.754,2434,False
630,887,238479.72,4,341.78,0.451,healthcare,US,0.332,1884,False
631,868,230933.63,6,1624.88,0.6912,travel,US,1.573,2063,False
632,935,226486.33,2,700.25,0.2139,home_improvement,US,0.452,1858,False
633,897,238218.17,3,279.82,0.3344,digital_goods,GB,1.82,1614,False
634,930,236845.61,10,1226.07,1.0753,money_transfer,US,5.111,2020,False
635,935,265739.9,4,1312.62,0.4278,gift_cards,US,3.017,691,False
636,970,284320.27,7,1039.65,0.7216,money_transfer,US,3.314,2856,False
637,855,263759.16,8,3711.93,0.9357,electronics,US,2.626,1760,False
638,910,253333.21,3,655.78,0.3297,grocery,US,0.267,627,False
639,881,256529.15,1,396.68,0.1135,subscription,US,0.452,166,False
640,927,262348.29,10,3095.2699999999995,1.0787,digital_goods,US,3.863,2216,False
641,853,227304.19,5,386.78999999999996,0.5862,subscription,GB,0.328,1250,False
642,927,267840.71,7,635.09,0.7551,gambling,US,3.746,2383,False
643,886,204717.6,5,1596.1100000000001,0.5643,gambling,CA,1.711,1937,False
644,927,276854.79,8,1781.3600000000001,0.863,gift_cards,US,1.454,2844,False
645,917,235303.63,6,1163.25,0.6543,home_improvement,US,0.52,2668,False
646,888,245016.58,8,9928.39,0.9009,gambling,US,3.188,2255,False
647,884,228514.27,7,8450.24,0.7919,electronics,US,1.398,609,False
648,890,231974.89,2,870.1,0.2247,healthcare,US,0.126,2092,False
649,896,243036.32,5,267.97,0.558,clothing_retail,US,0.801,154,False
650,845,287528.73,5,5439.89,0.5917,gas_station,US,0.415,589,False
651,884,232001.89,2,760.35,0.2262,utilities,US,0.137,40,False
652,894,261405.9,5,915.79,0.5593,gas_station,US,0.397,2665,False
653,892,247358.09,6,2347.28,0.6726,grocery,US,0.253,2452,False
654,890,237933.9,7,799.32,0.7865,clothing_retail,US,1.091,1059,False
655,905,237358.56,4,683.9399999999999,0.442,gambling,US,1.856,1104,False
656,915,240324.74,7,525.68,0.765,restaurant,US,0.223,959,False
657,938,265896.23,7,3820.7799999999997,0.7463,gift_cards,US,2.064,375,False
658,924,243690.42,1,460.76,0.1082,home_improvement,US,0.441,929,False
659,917,235860.56,6,3806.9100000000003,0.6543,electronics,US,3.866,2418,False
660,907,207420.26,2,2754.94,0.2205,healthcare,US,0.213,356,False
661,924,264264.32,10,2216.88,1.0823,gift_cards,US,8.311,326,True
662,895,265865.1,7,622.4300000000001,0.7821,money_transfer,US,2.512,728,False
663,919,249142.95,3,122.5,0.3264,healthcare,CA,0.236,1685,False
664,851,251817.8,3,949.13,0.3525,clothing_retail,US,0.35,2712,False
665,872,319921.15,4,178.48,0.4587,home_improvement,US,0.188,1952,False
666,862,237970.48,5,3108.12,0.58,travel,US,1.406,977,False
667,914,212688.5,3,99.27000000000001,0.3282,home_improvement,AU,0.57,2708,False
668,875,237509.43,3,2336.27,0.3429,travel,US,1.871,1480,False
669,925,237309.17,6,10062.220000000001,0.6486,gas_station,US,0.574,1316,False
670,905,278862.77,11,2163.97,1.2155,gambling,US,4.52,2874,False
671,932,235970.83,8,12374.099999999999,0.8584,jewelry,US,2.04,2046,False
672,932,272559.79,2,58.07,0.2146,grocery,US,0.258,1701,False
673,875,252963.76,1,23.36,0.1143,utilities,CA,0.098,73,False
674,924,245802.32,4,1385.62,0.4329,electronics,US,2.026,733,False
675,916,226001.78,7,974.4,0.7642,subscription,US,2.845,1574,False
676,853,269050.05,0,0.0,0.0,subscription,US,0.555,1811,False
677,894,222549.2,7,1103.77,0.783,gift_cards,US,3.223,1347,False
678,940,291876.72,10,22770.54,1.0638,gambling,US,5.61,1369,False
679,869,243528.28,0,0.0,0.0,gas_station,US,0.624,912,False
680,873,252141.37,6,1396.56,0.6873,digital_goods,US,1.277,45,False
681,949,252905.12,9,3570.74,0.9484,gambling,US,5.569,2761,False
682,856,205183.07,1,6.23,0.1168,utilities,US,0.114,379,False
683,958,275162.71,8,3558.96,0.8351,restaurant,US,0.129,1987,False
684,885,192103.86,9,1834.89,1.0169,digital_goods,US,2.124,1980,False
685,915,241458.72,1,219.08,0.1093,subscription,US,0.45,1709,False
686,883,206905.06,6,816.4200000000001,0.6795,home_improvement,US,0.331,2064,False
687,934,268787.69,7,1121.52,0.7495,electronics,US,1.775,419,False
688,902,221055.72,5,1130.93,0.5543,travel,US,1.736,1115,False
689,912,242705.76,7,1676.4900000000002,0.7675,gift_cards,US,4.98,2051,False
690,928,254453.59,4,5312.3,0.431,grocery,US,0.505,1754,False
691,839,231521.9,9,6429.61,1.0727,digital_goods,US,4.746,1388,False
692,914,237044.73,7,448.03999999999996,0.7659,gift_cards,US,2.769,749,False
693,898,266407.68,4,5973.1,0.4454,restaurant,US,0.173,2110,False
694,917,261412.01,6,7946.2699999999995,0.6543,jewelry,AU,3.015,74,True
695,915,249958.49,8,2836.43,0.8743,digital_goods,US,3.407,2216,False
696,884,211892.43,4,2263.6200000000003,0.4525,subscription,AU,0.586,2435,False
697,935,249891.63,7,4292.07,0.7487,digital_goods,US,4.55,2475,False
698,874,269185.61,0,0.0,0.0,healthcare,US,0.241,1621,False
699,962,259167.75,2,591.0799999999999,0.2079,clothing_retail,US,0.347,1352,False
700,939,253610.74,10,1842.6100000000001,1.065,home_improvement,US,0.314,557,False
701,949,289359.65,6,9135.17,0.6322,electronics,US,2.136,2634,False
702,954,231012.74,11,4245.88,1.153,travel,US,0.833,2163,False
703,828,183002.82,3,215.32,0.3623,gambling,US,5.112,1115,False
704,881,244888.94,9,1843.11,1.0216,jewelry,US,1.845,1118,False
705,893,221303.44,7,1766.6200000000001,0.7839,subscription,US,0.528,2000,False
706,855,217344.91,4,1409.38,0.4678,money_transfer,US,1.842,647,False
707,877,254776.66,4,2846.8,0.4561,healthcare,US,0.452,1094,False
708,878,217859.21,4,1234.64,0.4556,gas_station,US,0.462,1846,False
709,866,237083.72,9,7484.58,1.0393,electronics,US,2.022,2680,False
710,898,230939.97,2,164.26000000000002,0.2227,restaurant,US,0.294,2682,False
711,900,211395.76,2,38.57,0.2222,subscription,GB,0.512,1289,False
712,933,230947.07,6,1927.4500000000003,0.6431,home_improvement,US,0.452,1629,False
713,897,252864.3,4,681.35,0.4459,travel,US,1.546,653,False
714,905,262768.51,2,190.51000000000002,0.221,grocery,US,0.378,528,False
715,926,233862.04,1,4.22,0.108,healthcare,US,0.3,2951,False
716,896,290000.03,5,12347.15,0.558,clothing_retail,US,0.924,128,False
717,865,215236.85,3,190.8,0.3468,clothing_retail,CA,0.871,924,False
718,900,241838.37,5,1444.94,0.5556,money_transfer,US,2.69,1894,False
719,881,210690.9,4,9321.98,0.454,home_improvement,US,0.365,2729,False
720,872,264335.51,2,2537.38,0.2294,grocery,US,0.184,2253,False
721,872,214280.16,3,777.03,0.344,home_improvement,US,0.328,2522,False
722,882,262482.19,3,779.76,0.3401,subscription,CA,0.712,100,False
723,940,290121.57,7,931.95,0.7447,jewelry,US,2.583,1626,False
724,899,260610.6,19,11490.05,2.1135,electronics,US,7.271,1174,True
725,932,289424.03,1,234.95,0.1073,clothing_retail,US,1.261,875,False
726,846,267634.81,3,1567.7600000000002,0.3546,travel,US,0.769,1696,False
727,923,255135.38,6,5501.5199999999995,0.6501,gift_cards,US,1.422,236,False
728,912,300781.71,4,1050.47,0.4386,utilities,US,0.09,891,False
729,899,296874.82,5,659.8199999999999,0.5562,electronics,US,3.247,781,False
730,824,186385.27,3,1067.16,0.3641,home_improvement,US,0.712,1057,False
731,879,209486.88,2,2337.8,0.2275,restaurant,US,0.433,2665,False
732,930,231660.86,2,143.62,0.2151,utilities,US,0.089,1896,False
733,912,202043.65,4,117.26,0.4386,grocery,US,0.333,871,False
734,939,227772.15,8,1018.96,0.852,digital_goods,CA,3.914,2582,False
735,889,270363.88,4,763.24,0.4499,travel,US,0.952,722,False
736,891,228900.83000000002,4,736.28,0.4489,grocery,US,0.239,2868,False
737,946,298165.92,12,1614.3300000000002,1.2685,electronics,US,6.542,199,True
738,834,215838.53,4,1157.1000000000001,0.4796,gas_station,US,0.782,2707,False
739,924,228482.36,10,5593.4,1.0823,gift_cards,US,4.19,1566,False
740,908,295351.13,5,2339.19,0.5507,jewelry,US,1.0,739,False
741,891,211372.05,5,2315.91,0.5612,restaurant,US,0.559,1648,False
742,866,245148.08000000002,8,1428.69,0.9238,gambling,US,2.784,2384,False
743,862,186243.66,7,3197.17,0.8121,electronics,US,2.322,2072,False
744,861,201659.39,8,2103.16,0.9292,travel,US,1.193,2961,False
745,912,236903.54,4,10057.119999999999,0.4386,electronics,US,2.198,2605,False
746,884,242075.86000000002,8,4535.96,0.905,money_transfer,US,3.566,821,False
747,907,258141.88,4,724.75,0.441,money_transfer,US,2.815,341,False
748,930,259125.75,7,1367.5099999999998,0.7527,digital_goods,US,1.846,2098,False
749,920,270732.5,5,799.77,0.5435,utilities,US,0.093,1137,False
750,924,243724.57,5,1336.71,0.5411,clothing_retail,US,0.417,1708,False
751,918,269028.14,7,9104.83,0.7625,jewelry,CA,1.843,1857,False
752,940,276691.77,9,514.36,0.9574,healthcare,US,0.176,291,False
753,934,229811.92,2,226.44,0.2141,subscription,US,0.908,597,False
754,938,266034.97000000003,4,555.47,0.4264,healthcare,US,0.261,2536,False
755,916,231131.7,5,2742.1,0.5459,digital_goods,US,5.592,834,False
756,877,262764.43,5,1781.73,0.5701,gift_cards,US,1.533,1154,False
757,945,257208.02,6,1778.32,0.6349,gas_station,US,0.451,2391,False
758,915,262452.02999999997,10,5446.650000000001,1.0929,travel,US,2.129,710,False
759,904,199700.4,1,55.97,0.1106,utilities,US,0.112,132,False
760,882,307174.45,2,1395.4099999999999,0.2268,utilities,GB,0.092,1487,False
761,895,232656.42,7,1482.51,0.7821,travel,US,0.895,2683,False
762,902,250295.98,6,121.8,0.6652,healthcare,US,0.264,1620,False
763,927,227785.59,9,2771.95,0.9709,digital_goods,US,2.694,2359,False
764,880,217528.85,7,683.9399999999999,0.7955,money_transfer,US,3.057,1667,False
765,932,246406.4,12,2025.8,1.2876,money_transfer,US,5.239,994,False
766,916,237219.45,3,113.47999999999999,0.3275,utilities,US,0.245,2614,False
767,968,270558.7,6,187.82,0.6198,clothing_retail,US,0.491,1060,False
768,918,304425.4,1,36.19,0.1089,home_improvement,US,0.505,780,False
769,860,238266.49,7,2302.25,0.814,subscription,US,0.634,752,False
770,956,253549.69,2,517.97,0.2092,subscription,US,0.778,778,False
771,865,212297.77,14,2339.33,1.6185,gift_cards,US,5.088,51,False
772,975,289685.04,10,4450.97,1.0256,digital_goods,CA,4.416,2612,False
773,898,279726.02,2,278.77,0.2227,travel,DE,1.065,2128,False
774,910,248871.06,5,623.82,0.5495,money_transfer,CA,1.803,232,False
775,958,238133.25,6,608.48,0.6263,grocery,US,0.289,2393,False
776,917,270278.76,4,769.61,0.4362,gas_station,US,0.483,2380,False
777,909,227431.55,2,363.85,0.22,healthcare,US,0.067,574,False
778,894,245109.27,6,3070.75,0.6711,gift_cards,CA,4.499,840,False
779,913,259966.16,1,10.44,0.1095,utilities,US,0.081,1213,False
780,905,255247.57,5,471.45000000000005,0.5525,gas_station,US,0.49,1869,False
781,829,270555.99,3,968.0500000000001,0.3619,restaurant,US,0.318,1379,False
782,901,242315.27,1,31.2,0.111,subscription,US,0.552,795,False
783,876,238400.12,6,2025.32,0.6849,money_transfer,US,5.831,295,False
784,883,224392.14,6,888.02,0.6795,electronics,CA,1.862,2826,False
785,912,265555.42,10,3538.1800000000003,1.0965,restaurant,US,2.526,891,True
786,871,241779.33,7,4246.07,0.8037,gift_cards,GB,3.858,2367,False
787,870,221577.33000000002,6,5887.9400000000005,0.6897,gift_cards,US,3.972,889,False
788,899,225842.02,6,1876.6599999999999,0.6674,grocery,US,0.276,2916,False
789,854,276554.28,2,85.47999999999999,0.2342,healthcare,US,0.195,2575,False
790,896,235464.27,7,1394.47,0.7812,gambling,DE,4.232,692,False
791,961,244936.59,7,907.98,0.7284,jewelry,US,3.537,345,False
792,927,261743.8,1,297.51,0.1079,utilities,AU,0.111,2220,False
793,914,233645.22,6,17964.76,0.6565,electronics,US,2.249,732,False
794,899,229354.07,8,3422.5899999999997,0.8899,gambling,US,2.647,1799,False
795,884,251857.3,8,1333.33,0.905,digital_goods,AU,2.73,1378,False
796,872,252106.19,6,924.4,0.6881,clothing_retail,US,0.725,1487,False
797,860,210320.17,4,8088.81,0.4651,home_improvement,US,0.836,441,True
798,936,224982.64,7,1579.05,0.7479,travel,US,1.941,281,False
799,882,264615.17,6,1301.24,0.6803,gift_cards,US,2.941,631,False
800,879,250196.43,6,2698.94,0.6826,travel,US,1.011,1753,False
