txn_date,txn_count,total_value,fraud_count,fraud_value,fraud_rate_pct,rolling_7d_fraud_rate_pct
2024-01-01,927,45100.29,2,657.47,0.2157,0.2157
2024-01-02,983,50128.7,12,782.9399999999998,1.2208,0.733
2024-01-03,984,50218.06,6,461.41999999999996,0.6098,0.6911
2024-01-04,989,52020.44,4,202.54000000000002,0.4044,0.6181
2024-01-05,1025,63321.96,13,1497.8200000000002,1.2683,0.7539
2024-01-06,998,55479.96,8,1564.0100000000002,0.8016,0.7619
2024-01-07,986,61344.43,4,507.09000000000003,0.4057,0.711
2024-01-08,961,55782.78,9,366.55,0.9365,0.8085
2024-01-09,901,60735.25,7,637.96,0.7769,0.7452
2024-01-10,991,64676.92,8,555.0799999999999,0.8073,0.7736
2024-01-11,1015,63795.98,12,1079.33,1.1823,0.887
2024-01-12,939,62609.77,6,299.53999999999996,0.639,0.7952
2024-01-13,936,70242.69,6,917.7600000000001,0.641,0.7728
2024-01-14,1051,65291.66,11,1548.6400000000003,1.0466,0.8684
2024-01-15,985,78056.7,14,1494.12,1.4213,0.9387
2024-01-16,949,73838.32,8,1521.6100000000001,0.843,0.9467
2024-01-17,930,68915.48,7,395.36000000000007,0.7527,0.9405
2024-01-18,990,81913.73,9,716.95,0.9091,0.8997
2024-01-19,1005,82235.45,12,2004.5499999999997,1.194,0.9787
2024-01-20,995,79308.62,6,1241.1800000000003,0.603,0.9703
2024-01-21,988,76048.29,4,1316.2600000000002,0.4049,0.8769
2024-01-22,1013,78261.93,13,5361.709999999999,1.2833,0.8588
2024-01-23,1019,80168.79,12,4228.15,1.1776,0.9078
2024-01-24,994,73704.14,8,864.8199999999999,0.8048,0.9138
2024-01-25,968,86596.53,9,1647.07,0.9298,0.9166
2024-01-26,1000,77979.14,1,31.52,0.1,0.7596
2024-01-27,1003,82070.65,10,689.39,0.997,0.816
2024-01-28,1019,95990.48,8,1180.38,0.7851,0.8694
2024-01-29,953,81594.07,9,898.11,0.9444,0.8194
2024-01-30,946,70444.54,4,2989.7,0.4228,0.7119
2024-01-31,960,85697.22,7,402.60999999999996,0.7292,0.7008
2024-02-01,1032,90183.66,13,811.72,1.2597,0.7522
2024-02-02,953,83772.08,7,373.96,0.7345,0.8447
2024-02-03,1036,87020.66,7,1041.3600000000001,0.6757,0.7972
2024-02-04,968,85503.9,14,2684.52,1.4463,0.8908
2024-02-05,951,90147.53,9,754.3199999999999,0.9464,0.891
2024-02-06,993,82286.16,3,175.29999999999998,0.3021,0.8704
2024-02-07,1002,84102.41,6,198.31,0.5988,0.8508
2024-02-08,993,75140.03,7,673.98,0.7049,0.7686
2024-02-09,976,78100.66,10,1325.84,1.0246,0.8094
2024-02-10,1050,89292.78,10,242.16,0.9524,0.851
2024-02-11,967,91485.39,10,2306.82,1.0341,0.7934
2024-02-12,996,98585.26,10,1369.58,1.004,0.8026
2024-02-13,997,100521.61,8,792.76,0.8024,0.8738
2024-02-14,994,103439.56,8,2792.5099999999998,0.8048,0.9035
2024-02-15,982,97462.99,5,328.48,0.5092,0.8762
2024-02-16,971,96878.14,4,397.97999999999996,0.4119,0.7906
2024-02-17,955,93798.61,4,666.1099999999999,0.4188,0.7141
2024-02-18,984,89115.71,6,581.42,0.6098,0.6542
2024-02-19,977,96376.21,6,797.4599999999999,0.6141,0.5977
2024-02-20,1046,98906.89,7,7007.959999999999,0.6692,0.579
2024-02-21,995,100016.9,6,888.74,0.603,0.5499
2024-02-22,958,103779.0,11,1093.6799999999998,1.1482,0.639
2024-02-23,1010,103567.34,8,791.72,0.7921,0.6931
2024-02-24,995,90885.75,5,818.3600000000001,0.5025,0.7035
2024-02-25,971,101493.09,3,882.72,0.309,0.6617
2024-02-26,993,110684.65,8,1588.2399999999998,0.8056,0.6889
2024-02-27,923,85257.66,4,353.14,0.4334,0.6574
2024-02-28,972,97538.92,8,1291.53,0.823,0.6889
2024-02-29,987,100657.89,6,1418.1100000000001,0.6079,0.613
2024-03-01,987,97874.35,5,537.38,0.5066,0.5712
2024-03-02,992,108866.24,9,804.6,0.9073,0.63
2024-03-03,957,100375.73,7,1807.13,0.7315,0.6901
2024-03-04,964,96412.91,7,549.0,0.7261,0.6783
2024-03-05,1061,113569.12,5,1144.53,0.4713,0.6792
2024-03-06,1010,97224.29,8,2247.83,0.7921,0.6755
2024-03-07,952,123350.64,8,1400.93,0.8403,0.7078
2024-03-08,1008,106711.23,5,1055.84,0.496,0.7056
2024-03-09,950,90706.09,3,341.87,0.3158,0.623
2024-03-10,1033,97447.68,5,2045.3000000000002,0.484,0.5876
2024-03-11,1053,115007.51,7,2015.15,0.6648,0.5802
2024-03-12,989,113222.46,7,4274.9400000000005,0.7078,0.6147
2024-03-13,957,111509.17,9,1078.04,0.9404,0.6338
2024-03-14,1061,104805.56,9,1409.07,0.8483,0.6382
2024-03-15,968,98021.81,8,1827.9199999999998,0.8264,0.6846
2024-03-16,1016,102353.46,5,1653.8600000000001,0.4921,0.7065
2024-03-17,1009,107899.47,7,965.31,0.6938,0.7373
2024-03-18,984,99955.48,2,94.1,0.2033,0.673
2024-03-19,1001,114114.37,5,425.88,0.4995,0.6432
2024-03-20,1007,102368.13,10,994.49,0.993,0.6529
2024-03-21,970,102998.53,5,982.36,0.5155,0.6039
2024-03-22,975,103624.48,13,2371.63,1.3333,0.6751
2024-03-23,989,98324.55,5,1246.2,0.5056,0.6777
2024-03-24,1046,114467.78,4,392.67999999999995,0.3824,0.6311
2024-03-25,1020,119921.38,8,332.07,0.7843,0.7135
2024-03-26,1007,121199.83,5,1369.95,0.4965,0.7129
2024-03-27,966,106375.42,11,542.73,1.1387,0.7314
2024-03-28,1006,99252.55,6,136.57999999999998,0.5964,0.7419
2024-03-29,986,128303.1,5,538.1400000000001,0.5071,0.6268
2024-03-30,1021,125471.22,6,5608.0599999999995,0.5877,0.6381
2024-03-31,965,112893.26,5,1861.3000000000002,0.5181,0.6599
2024-04-01,1062,112975.84,8,907.34,0.7533,0.6559
2024-04-02,1002,129232.8,6,391.15999999999997,0.5988,0.6707
2024-04-03,946,104579.18000000001,9,562.91,0.9514,0.644
2024-04-04,1005,113765.62,2,421.04,0.199,0.5868
2024-04-05,1004,108036.51,4,1911.67,0.3984,0.571
2024-04-06,989,99504.78,8,886.07,0.8089,0.6023
2024-04-07,1044,122628.13,5,884.67,0.4789,0.5956
2024-04-08,1012,123295.62,6,208.70000000000002,0.5929,0.5713
2024-04-09,966,112271.74,7,231.34,0.7246,0.5886
2024-04-10,958,118277.66,4,659.67,0.4175,0.5159
2024-04-11,1003,119319.7,7,2868.43,0.6979,0.5877
2024-04-12,939,107527.53,7,927.15,0.7455,0.6367
2024-04-13,1002,111296.57,9,941.3,0.8982,0.6499
2024-04-14,945,116597.36,9,1053.3799999999999,0.9524,0.7179
2024-04-15,987,123084.21,1,6.9,0.1013,0.6471
2024-04-16,954,120592.83,10,5706.16,1.0482,0.6924
2024-04-17,977,138757.67,12,3260.9000000000005,1.2282,0.808
2024-04-18,992,126614.83,4,1046.35,0.4032,0.7652
2024-04-19,1020,131863.46,10,1312.6599999999999,0.9804,0.7998
2024-04-20,967,113100.1,4,434.5,0.4137,0.7308
2024-04-21,960,122112.86,11,1873.57,1.1458,0.7583
2024-04-22,1052,142661.03,5,496.27000000000004,0.4753,0.809
2024-04-23,937,109249.52,8,450.76,0.8538,0.782
2024-04-24,977,144076.71,6,1546.39,0.6141,0.6951
2024-04-25,977,116654.16,9,859.8600000000001,0.9212,0.7692
2024-04-26,1098,149179.93,4,199.26999999999998,0.3643,0.6745
2024-04-27,954,110494.78,7,1301.24,0.7338,0.7189
2024-04-28,920,108822.18000000001,4,361.21,0.4348,0.6218
2024-04-29,991,127811.97,6,189.98,0.6054,0.642
2024-04-30,1022,127724.94,3,163.95999999999998,0.2935,0.562
2024-05-01,975,120819.06,4,399.56,0.4103,0.5334
2024-05-02,983,116911.33,4,1011.51,0.4069,0.4609
2024-05-03,1000,130321.06,5,1654.8799999999999,0.5,0.4821
2024-05-04,991,127032.68000000001,6,2467.97,0.6054,0.465
2024-05-05,1003,130634.86,8,3478.8199999999997,0.7976,0.5169
2024-05-06,1011,130334.63,12,3086.5300000000007,1.1869,0.6013
2024-05-07,964,105768.15,4,632.88,0.4149,0.6208
2024-05-08,945,114563.92,3,260.3,0.3175,0.609
2024-05-09,944,138964.3,6,591.6199999999999,0.6356,0.6416
2024-05-10,941,118433.81,8,982.8599999999999,0.8502,0.6913
2024-05-11,997,117892.79,4,284.93999999999994,0.4012,0.6613
2024-05-12,941,135185.23,4,416.21999999999997,0.4251,0.608
2024-05-13,1012,124479.87,5,296.03,0.4941,0.5042
2024-05-14,961,140145.3,13,5838.139999999999,1.3528,0.6379
2024-05-15,977,134203.9,8,872.0,0.8188,0.7087
2024-05-16,918,115940.83,4,1289.48,0.4357,0.6818
2024-05-17,966,125593.26,4,1215.16,0.4141,0.6202
2024-05-18,964,115594.02,6,424.34,0.6224,0.6529
2024-05-19,960,117633.84,6,1248.69,0.625,0.6807
2024-05-20,967,123414.78,3,3163.96,0.3102,0.6554
2024-05-21,962,114023.32,9,3501.2000000000007,0.9356,0.5958
2024-05-22,989,118258.28,3,2001.75,0.3033,0.5204
2024-05-23,975,135222.83,5,631.45,0.5128,0.5307
2024-05-24,995,129786.21,5,731.47,0.5025,0.5432
2024-05-25,1006,126910.7,4,269.38,0.3976,0.5107
2024-05-26,1022,141406.71,5,2017.12,0.4892,0.4916
2024-05-27,983,124061.13,6,327.42,0.6104,0.5338
2024-05-28,1022,130498.17,9,1973.47,0.8806,0.5292
2024-05-29,950,116097.83,5,1126.62,0.5263,0.5609
2024-05-30,1035,121298.81,10,2612.41,0.9662,0.6274
2024-05-31,959,112505.68000000001,1,33.76,0.1043,0.5733
2024-06-01,956,132314.22,4,168.64999999999998,0.4184,0.5775
2024-06-02,953,108188.15,12,4011.6900000000005,1.2592,0.6853
2024-06-03,928,121048.92,5,1037.83,0.5388,0.6762
2024-06-04,977,123547.42,8,2337.0600000000004,0.8188,0.6659
2024-06-05,932,119995.2,4,156.10999999999999,0.4292,0.6528
2024-06-06,1006,131864.65,2,157.82,0.1988,0.5364
2024-06-07,967,160987.85,8,1879.1,0.8273,0.64
2024-06-08,1039,135605.05,10,1825.02,0.9625,0.7204
2024-06-09,1006,152881.8,5,2603.33,0.497,0.6127
2024-06-10,964,128122.72,7,2264.65,0.7261,0.6385
2024-06-11,1006,165927.14,9,21630.630000000005,0.8946,0.6503
2024-06-12,1006,141180.76,8,1867.8100000000002,0.7952,0.7006
2024-06-13,962,139902.23,5,414.57,0.5198,0.7482
2024-06-14,960,133298.45,4,3446.16,0.4167,0.6913
2024-06-15,982,139218.45,5,6540.869999999999,0.5092,0.6245
2024-06-16,1003,146002.59,6,1276.0500000000002,0.5982,0.6393
2024-06-17,972,140125.69,11,2038.53,1.1317,0.6966
2024-06-18,988,143208.79,10,3691.77,1.0121,0.7129
2024-06-19,1038,148173.9,9,2259.44,0.8671,0.7241
2024-06-20,977,138432.2,6,415.19000000000005,0.6141,0.737
2024-06-21,1005,151550.17,3,166.57,0.2985,0.7179
2024-06-22,1006,152465.83,8,540.42,0.7952,0.7583
2024-06-23,1037,154132.64,5,587.8399999999999,0.4822,0.7404
2024-06-24,950,145315.97,8,1361.83,0.8421,0.6999
2024-06-25,979,128673.86,8,1388.92,0.8172,0.6722
2024-06-26,1016,141207.0,7,382.08000000000004,0.689,0.6456
2024-06-27,1038,140367.85,7,1041.4,0.6744,0.6542
2024-06-28,1008,131333.1,6,2171.84,0.5952,0.6966
2024-06-29,978,132786.94,4,578.72,0.409,0.6423
2024-06-30,1023,163634.42,5,923.81,0.4888,0.6436
2024-07-01,975,133100.04,3,1676.53,0.3077,0.57
2024-07-02,1011,158874.99,8,599.76,0.7913,0.5675
2024-07-03,965,144365.52,1,1688.64,0.1036,0.4859
2024-07-04,977,122279.41,9,357.21000000000004,0.9212,0.519
2024-07-05,1015,137337.02,8,1237.5,0.7882,0.5472
2024-07-06,1007,125461.69,6,2310.1500000000005,0.5958,0.5736
2024-07-07,982,130646.8,9,3805.56,0.9165,0.6347
2024-07-08,948,148244.12,7,824.5300000000001,0.7384,0.6951
2024-07-09,953,155502.81,4,1573.56,0.4197,0.6426
2024-07-10,981,147590.8,10,2252.96,1.0194,0.7723
2024-07-11,1057,169581.06,10,2383.97,0.9461,0.7778
2024-07-12,999,137399.34,4,96.55,0.4004,0.7218
2024-07-13,973,130048.14,9,2586.5499999999997,0.925,0.7689
2024-07-14,995,134416.68,10,4332.11,1.005,0.7819
2024-07-15,988,153926.96,5,647.49,0.5061,0.7486
2024-07-16,961,149801.3,5,601.95,0.5203,0.7622
2024-07-17,1028,160922.7,8,2964.7400000000002,0.7782,0.7285
2024-07-18,994,141854.29,5,411.79,0.503,0.663
2024-07-19,933,142343.01,8,1829.27,0.8574,0.7276
2024-07-20,1006,162590.96,5,1300.79,0.497,0.6662
2024-07-21,993,144377.19,4,481.93,0.4028,0.5795
2024-07-22,930,139241.09,4,94.39999999999998,0.4301,0.5698
2024-07-23,929,154122.84,3,27.22,0.3229,0.5431
2024-07-24,1036,157591.88,5,476.53,0.4826,0.4985
2024-07-25,987,164913.92,8,1512.4299999999998,0.8105,0.543
2024-07-26,1043,172921.64,5,2482.6699999999996,0.4794,0.491
2024-07-27,1005,143458.3,7,781.2700000000001,0.6965,0.52
2024-07-28,971,153166.42,8,559.36,0.8239,0.5796
2024-07-29,994,145416.62,5,1066.31,0.503,0.5887
2024-07-30,975,141759.35,9,1352.1899999999998,0.9231,0.6704
2024-07-31,1063,155893.0,5,781.6399999999999,0.4704,0.6678
2024-08-01,1024,144232.19,8,213.05,0.7812,0.6643
2024-08-02,937,157581.71,6,3449.4900000000007,0.6403,0.6888
2024-08-03,1003,167446.77,6,631.68,0.5982,0.6746
2024-08-04,1022,160606.05,6,1685.3799999999999,0.5871,0.6412
2024-08-05,1023,142345.16,6,323.76,0.5865,0.6528
2024-08-06,987,162148.54,4,688.4300000000001,0.4053,0.5808
2024-08-07,1035,166866.25,4,1211.94,0.3865,0.5689
2024-08-08,983,158602.24,4,168.92000000000002,0.4069,0.515
2024-08-09,1015,163986.11,6,601.44,0.5911,0.5093
2024-08-10,989,172926.74,8,2723.88,0.8089,0.5387
2024-08-11,971,163508.16,7,21557.270000000004,0.7209,0.5569
2024-08-12,1043,162197.76,5,1198.5,0.4794,0.5411
2024-08-13,998,165750.91,11,7446.610000000001,1.1022,0.6397
2024-08-14,966,162287.61,8,1524.82,0.8282,0.7035
2024-08-15,984,154371.78,7,2786.6900000000005,0.7114,0.7465
2024-08-16,989,161573.98,6,1115.72,0.6067,0.7493
2024-08-17,928,129459.11,5,452.05,0.5388,0.7123
2024-08-18,1028,187038.54,3,208.96,0.2918,0.6488
2024-08-19,1004,163256.82,3,4084.22,0.2988,0.6235
2024-08-20,1040,165049.86,4,144.46,0.3846,0.5188
2024-08-21,958,183239.17,7,1545.07,0.7307,0.505
2024-08-22,1008,167537.7,8,2453.6499999999996,0.7937,0.5176
2024-08-23,971,158387.8,9,1154.75,0.9269,0.5622
2024-08-24,1013,181744.57,7,5120.900000000001,0.691,0.5839
2024-08-25,1005,173093.04,2,118.9,0.199,0.5715
2024-08-26,1013,158752.56,3,727.5799999999999,0.2962,0.5708
2024-08-27,966,155212.32,4,398.13,0.4141,0.5769
2024-08-28,948,149876.46,3,545.4200000000001,0.3165,0.5199
2024-08-29,1029,177691.1,6,1368.7000000000003,0.5831,0.4896
2024-08-30,989,140905.94,9,1850.52,0.91,0.4883
2024-08-31,977,166563.79,7,752.6800000000001,0.7165,0.4908
2024-09-01,967,190438.16,6,1333.0799999999997,0.6205,0.5516
2024-09-02,982,180477.04,5,778.75,0.5092,0.5833
2024-09-03,1063,176167.73,4,1096.83,0.3763,0.5751
2024-09-04,1061,194032.56,9,1431.03,0.8483,0.6508
2024-09-05,1022,189448.93,7,653.04,0.6849,0.6656
2024-09-06,949,155778.93,3,94.53999999999999,0.3161,0.584
2024-09-07,954,166692.15,3,490.95000000000005,0.3145,0.5287
2024-09-08,949,187205.66,5,1432.44,0.5269,0.5158
2024-09-09,976,174290.1,5,6453.110000000001,0.5123,0.5162
2024-09-10,960,176315.05,5,3000.32,0.5208,0.5385
2024-09-11,973,187133.85,8,427.84000000000003,0.8222,0.5307
2024-09-12,965,161892.24,6,903.78,0.6218,0.5204
2024-09-13,1007,152269.12,5,342.0,0.4965,0.5454
2024-09-14,1018,193013.02,6,1355.09,0.5894,0.5841
2024-09-15,1052,194295.11,11,2391.3099999999995,1.0456,0.6618
2024-09-16,970,146263.42,5,1101.09,0.5155,0.6623
2024-09-17,994,185677.41,7,1707.49,0.7042,0.6878
2024-09-18,1024,171705.88,4,102.52,0.3906,0.6259
2024-09-19,1001,201268.74,3,662.75,0.2997,0.5802
2024-09-20,981,160959.26,5,619.04,0.5097,0.5824
2024-09-21,990,242641.57,4,866.76,0.404,0.5562
2024-09-22,964,175414.96,3,459.82,0.3112,0.4477
2024-09-23,1016,205965.4,5,1489.07,0.4921,0.4448
2024-09-24,1021,197008.82,7,2925.9599999999996,0.6856,0.443
2024-09-25,1008,185074.15,6,921.2799999999999,0.5952,0.4727
2024-09-26,996,191290.27,2,238.71,0.2008,0.4587
2024-09-27,1054,198747.57,9,2811.89,0.8539,0.5107
2024-09-28,1012,185934.48,1,3.29,0.0988,0.4667
2024-09-29,1001,198067.0,8,1513.23,0.7992,0.5346
2024-09-30,941,158135.57,10,1803.42,1.0627,0.6114
2024-10-01,994,188586.42,4,156.01,0.4024,0.5709
2024-10-02,959,174548.84,3,966.65,0.3128,0.5318
2024-10-03,989,201384.88,6,836.9099999999999,0.6067,0.5899
2024-10-04,995,190824.63,11,7814.860000000001,1.1055,0.624
2024-10-05,987,178210.26,4,474.02,0.4053,0.67
2024-10-06,971,187701.34,3,77.32000000000001,0.309,0.5998
2024-10-07,988,215771.38,7,1029.29,0.7085,0.5521
2024-10-08,971,191754.26,6,472.9,0.6179,0.5831
2024-10-09,1005,197373.28,5,305.5,0.4975,0.6082
2024-10-10,1007,228532.49,11,4128.360000000001,1.0924,0.6788
2024-10-11,999,234575.8,8,1835.48,0.8008,0.6351
2024-10-12,966,173009.58,6,1332.1,0.6211,0.666
2024-10-13,982,189613.31,8,767.98,0.8147,0.7372
2024-10-14,1035,214086.24,5,601.6400000000001,0.4831,0.7035
2024-10-15,973,175478.55,2,172.26,0.2055,0.6459
2024-10-16,1002,188420.69,5,523.1800000000001,0.499,0.6462
2024-10-17,966,157199.4,9,2251.2799999999997,0.9317,0.6211
2024-10-18,944,166509.54,4,235.81,0.4237,0.5679
2024-10-19,930,188541.75,7,406.33,0.7527,0.5855
2024-10-20,970,178199.9,7,3466.59,0.7216,0.5718
2024-10-21,1048,190627.6,7,3258.3,0.6679,0.6
2024-10-22,1016,180841.23,7,2305.52,0.689,0.669
2024-10-23,1020,212158.73,11,2254.63,1.0784,0.7543
2024-10-24,955,197422.81,5,792.86,0.5236,0.6974
2024-10-25,992,197154.05,9,1151.1799999999998,0.9073,0.7647
2024-10-26,995,181627.9,8,511.99,0.804,0.7719
2024-10-27,1015,213496.06,10,1816.3500000000001,0.9852,0.8095
2024-10-28,1000,204595.43,7,3012.65,0.7,0.8151
2024-10-29,1038,220904.24,5,242.57000000000002,0.4817,0.784
2024-10-30,1019,205669.52,8,783.53,0.7851,0.7414
2024-10-31,996,206628.29,3,6094.0599999999995,0.3012,0.7087
2024-11-01,963,183395.99,8,2798.16,0.8307,0.6974
2024-11-02,1046,200506.11,13,1519.04,1.2428,0.763
2024-11-03,1003,230827.69,5,4424.71,0.4985,0.6936
2024-11-04,947,224612.38,4,2559.51,0.4224,0.656
2024-11-05,1007,201247.28,8,1154.49,0.7944,0.7019
2024-11-06,975,220801.23,6,873.17,0.6154,0.6775
2024-11-07,986,207682.9,4,779.13,0.4057,0.6929
2024-11-08,1001,208448.09,7,1124.3999999999999,0.6993,0.6748
2024-11-09,934,237467.0,7,788.8800000000001,0.7495,0.5983
2024-11-10,1010,234364.15,6,559.63,0.5941,0.6122
2024-11-11,976,209729.61000000002,8,1194.13,0.8197,0.6677
2024-11-12,1008,198416.69,2,100.03999999999999,0.1984,0.5806
2024-11-13,1040,203397.68,4,1144.31,0.3846,0.5464
2024-11-14,987,193090.12,7,939.8599999999999,0.7092,0.5894
2024-11-15,1013,218157.7,7,1589.4199999999998,0.691,0.5884
2024-11-16,993,207791.79,7,1453.56,0.7049,0.5835
2024-11-17,973,216194.3,6,1877.61,0.6166,0.5866
2024-11-18,997,224592.96,3,1159.24,0.3009,0.5135
2024-11-19,968,208059.84,10,2923.42,1.0331,0.6312
2024-11-20,997,206882.79,3,506.84999999999997,0.3009,0.6207
2024-11-21,976,188326.24,4,307.96999999999997,0.4098,0.5783
2024-11-22,988,196806.42,5,472.71,0.5061,0.5514
2024-11-23,987,214333.04,8,3381.9,0.8105,0.5664
2024-11-24,1005,204245.16,8,4215.77,0.796,0.5927
2024-11-25,925,216639.93,5,556.4100000000001,0.5405,0.6281
2024-11-26,968,221377.54,7,2034.6700000000003,0.7231,0.5843
2024-11-27,949,216152.8,10,1234.55,1.0537,0.6914
2024-11-28,984,204488.74,4,310.95000000000005,0.4065,0.6906
2024-11-29,1038,200556.92,8,519.7,0.7707,0.7293
2024-11-30,997,221921.14,8,5475.31,0.8024,0.7282
2024-12-01,1005,226374.55000000002,8,5290.72,0.796,0.7282
2024-12-02,1043,193340.18,2,148.22000000000003,0.1918,0.673
2024-12-03,998,207347.97,3,809.22,0.3006,0.6131
2024-12-04,968,221920.27,6,2420.99,0.6198,0.5545
2024-12-05,979,257471.16,8,1413.41,0.8172,0.6118
2024-12-06,1007,194264.78,6,1600.64,0.5958,0.586
2024-12-07,959,221879.87,11,2285.7000000000003,1.147,0.6323
2024-12-08,1019,213673.15,4,580.3199999999999,0.3925,0.5736
2024-12-09,1000,216247.19,4,723.54,0.4,0.6061
2024-12-10,994,234769.12,2,158.05,0.2012,0.592
2024-12-11,990,238092.08,4,235.20000000000002,0.404,0.5613
2024-12-12,1025,221657.06,9,1538.9599999999998,0.878,0.5719
2024-12-13,966,216727.45,8,1779.28,0.8282,0.6041
2024-12-14,984,204061.46,3,212.89999999999998,0.3049,0.4872
2024-12-15,1055,242128.39,4,1451.4299999999998,0.3791,0.4847
2024-12-16,978,250655.52,5,641.81,0.5112,0.5006
2024-12-17,1023,237445.41,10,3103.22,0.9775,0.6124
2024-12-18,972,214453.52,4,1149.98,0.4115,0.614
2024-12-19,983,263944.56,3,569.52,0.3052,0.5315
2024-12-20,1000,259595.57,6,1028.25,0.6,0.5004
2024-12-21,1015,255378.1,5,10470.57,0.4926,0.5266
2024-12-22,993,267810.32,12,1769.9700000000003,1.2085,0.6462
2024-12-23,1002,204724.44,12,3824.2400000000002,1.1976,0.7441
2024-12-24,1001,201384.61,7,1106.6599999999999,0.6993,0.7034
2024-12-25,1036,263370.96,6,1973.46,0.5792,0.7255
2024-12-26,975,219010.36000000002,6,6144.1,0.6154,0.769
2024-12-27,937,209614.75,8,568.64,0.8538,0.8047
2024-12-28,969,218484.27,5,8349.1,0.516,0.8101
2024-12-29,1012,249760.86,7,3645.7799999999997,0.6917,0.7357
2024-12-30,1027,278904.92,2,720.77,0.1947,0.5893
2024-12-31,1003,260046.15,10,16007.720000000001,0.997,0.6323
2025-01-01,972,222796.43,5,1029.84,0.5144,0.6236
2025-01-02,981,319146.55,7,26845.149999999998,0.7136,0.6376
2025-01-03,1018,215912.64,9,3303.21,0.8841,0.6445
2025-01-04,982,264980.58,6,926.47,0.611,0.6576
2025-01-05,942,238416.1,8,1749.42,0.8493,0.6787
2025-01-06,1014,257198.87,5,1210.25,0.4931,0.7234
2025-01-07,1037,241703.2,5,1275.71,0.4822,0.6479
2025-01-08,995,229396.09,3,1199.23,0.3015,0.617
2025-01-09,978,201250.85,7,2974.37,0.7157,0.6173
2025-01-10,973,262339.71,8,899.34,0.8222,0.6068
2025-01-11,941,214156.82,5,1235.98,0.5313,0.5959
2025-01-12,966,231538.21,3,492.49,0.3106,0.5214
2025-01-13,1036,293130.89,7,2390.77,0.6757,0.5487
2025-01-14,946,229956.91,9,3793.76,0.9514,0.6145
2025-01-15,981,272110.76,1,22.76,0.1019,0.5864
2025-01-16,945,227746.76,4,1275.8799999999999,0.4233,0.5451
2025-01-17,966,254058.43,5,1741.26,0.5176,0.5014
2025-01-18,979,256259.98,5,819.0,0.5107,0.4986
2025-01-19,985,265005.89,6,8890.679999999998,0.6091,0.5411
2025-01-20,985,220708.05,5,1134.56,0.5076,0.5157
2025-01-21,1027,278725.51,14,3092.1500000000005,1.3632,0.5824
2025-01-22,998,272942.36,7,1349.47,0.7014,0.6681
2025-01-23,1006,240636.6,4,1393.94,0.3976,0.6623
2025-01-24,974,213179.18,7,2988.4800000000005,0.7187,0.6903
2025-01-25,1008,273642.21,6,2444.5699999999997,0.5952,0.7017
2025-01-26,928,222139.1,4,263.24,0.431,0.6786
2025-01-27,1026,276443.36,5,580.81,0.4873,0.6746
2025-01-28,1013,256466.92,3,1449.45,0.2962,0.5178
2025-01-29,955,273146.11,8,2427.5499999999997,0.8377,0.5355
2025-01-30,1002,246144.99,3,766.02,0.2994,0.5213
2025-01-31,935,232899.51,9,1549.6599999999999,0.9626,0.5534
2025-02-01,973,225991.11000000002,7,1112.0900000000001,0.7194,0.5708
2025-02-02,992,238788.37,7,399.18000000000006,0.7056,0.609
2025-02-03,986,253964.57,4,3925.86,0.4057,0.598
2025-02-04,943,252338.91,7,2093.33,0.7423,0.6631
2025-02-05,1011,243237.58,4,628.5999999999999,0.3956,0.5992
2025-02-06,1029,336163.89,5,2846.3900000000003,0.4859,0.626
2025-02-07,968,245982.61,5,4834.51,0.5165,0.5651
2025-02-08,1005,254329.45,4,1703.84,0.398,0.5192
2025-02-09,996,259285.27,2,465.28000000000003,0.2008,0.4468
2025-02-10,979,263983.32,6,10288.43,0.6129,0.4761
2025-02-11,976,243066.27,7,2227.94,0.7172,0.4739
2025-02-12,981,280561.9,3,512.53,0.3058,0.4615
2025-02-13,980,250017.12,6,2918.95,0.6122,0.4793
2025-02-14,956,245804.55,3,42.66,0.3138,0.451
2025-02-15,948,241481.74,7,3001.6699999999996,0.7384,0.4988
2025-02-16,941,261348.16999999998,3,511.24,0.3188,0.5177
2025-02-17,961,257189.55,5,1286.9600000000003,0.5203,0.5042
2025-02-18,972,260078.43,2,162.19,0.2058,0.4303
2025-02-19,1007,286928.7,7,2144.83,0.6951,0.4878
2025-02-20,950,239033.61,2,110.39,0.2105,0.4306
2025-02-21,1045,256810.69,9,2089.69,0.8612,0.5129
2025-02-22,1005,278292.32,10,4694.160000000001,0.995,0.5522
2025-02-23,993,273557.83,5,18864.58,0.5035,0.577
2025-02-24,1035,279174.83,5,3866.42,0.4831,0.5709
2025-02-25,1034,253376.35,7,3202.39,0.677,0.6366
2025-02-26,991,300371.74,9,15088.739999999998,0.9082,0.6664
2025-02-27,941,277206.1,2,660.25,0.2125,0.6672
2025-02-28,997,277907.26,6,5685.75,0.6018,0.6289
2025-03-01,963,276793.19,8,3035.42,0.8307,0.604
2025-03-02,990,264015.43,8,766.3199999999999,0.8081,0.6474
2025-03-03,932,245657.84,4,1441.72,0.4292,0.6425
2025-03-04,989,278412.79,6,2372.98,0.6067,0.6321
2025-03-05,978,272208.32,8,937.53,0.818,0.6186
2025-03-06,944,247716.04,12,5050.59,1.2712,0.7655
2025-03-07,990,326693.08,6,10822.88,0.6061,0.7663
2025-03-08,972,263527.79,4,563.2600000000001,0.4115,0.7064
2025-03-09,1040,289276.09,8,1081.3400000000001,0.7692,0.7012
2025-03-10,895,251693.6,6,1198.42,0.6704,0.7344
2025-03-11,993,315060.71,5,2613.1899999999996,0.5035,0.7193
2025-03-12,1028,310770.9,3,871.26,0.2918,0.6412
2025-03-13,1049,294364.82,6,2238.1400000000003,0.572,0.5454
2025-03-14,993,301067.15,6,3199.28,0.6042,0.5452
2025-03-15,955,253906.45,3,262.43,0.3141,0.5321
2025-03-16,944,262997.66,5,561.1999999999999,0.5297,0.4958
2025-03-17,1016,278295.99,8,3945.33,0.7874,0.5159
2025-03-18,965,302996.07,5,695.65,0.5181,0.518
2025-03-19,993,288143.83,7,451.02000000000004,0.7049,0.5785
2025-03-20,942,259279.87,7,1456.43,0.7431,0.6022
2025-03-21,983,285800.49,5,340.76000000000005,0.5086,0.5884
2025-03-22,996,293930.68,5,1218.22,0.502,0.6141
2025-03-23,956,240979.16,9,2874.66,0.9414,0.6714
2025-03-24,1065,339099.99,4,1171.73,0.3756,0.6087
2025-03-25,983,253711.03,8,6572.67,0.8138,0.6505
2025-03-26,1013,373920.35,9,1659.4,0.8885,0.6774
2025-03-27,1000,291944.9,2,827.57,0.2,0.6003
2025-03-28,1009,325143.81,9,1291.3600000000001,0.892,0.6551
2025-03-29,1008,303930.47000000003,5,3981.63,0.496,0.654
2025-03-30,1013,348202.18,7,1318.9599999999998,0.691,0.6205
2025-03-31,989,303641.69,8,3222.7,0.8089,0.6842
2025-04-01,961,284167.59,5,675.21,0.5203,0.6435
2025-04-02,1030,311709.39,4,925.67,0.3883,0.5706
2025-04-03,950,298423.47000000003,10,5088.000000000001,1.0526,0.6897
2025-04-04,980,244433.44,2,537.45,0.2041,0.5915
2025-04-05,1001,297476.87,11,5897.81,1.0989,0.6788
2025-04-06,920,229734.88,2,947.01,0.2174,0.6148
2025-04-07,995,337320.61,4,500.09000000000003,0.402,0.5558
2025-04-08,962,323546.21,8,1046.19,0.8316,0.5996
2025-04-09,992,328480.59,4,981.5699999999999,0.4032,0.6029
2025-04-10,971,306455.8,8,7858.7300000000005,0.8239,0.5718
2025-04-11,1002,325920.52,3,179.87,0.2994,0.5845
2025-04-12,929,292257.06,3,783.75,0.3229,0.4726
2025-04-13,970,283061.6,5,6829.129999999999,0.5155,0.5131
2025-04-14,1013,326385.11,9,5263.010000000001,0.8885,0.5849
2025-04-15,978,270870.77,4,2488.3,0.409,0.5252
2025-04-16,971,299414.41,2,54.36,0.206,0.4975
2025-04-17,970,315090.71,6,3970.6600000000003,0.6186,0.4683
2025-04-18,954,354707.42,3,3940.9100000000003,0.3145,0.4716
2025-04-19,979,266674.78,5,2194.87,0.5107,0.4974
2025-04-20,1037,344208.35,5,3039.51,0.4822,0.4926
2025-04-21,993,323470.85,8,7429.3,0.8056,0.4795
2025-04-22,984,328664.4,7,2009.12,0.7114,0.5226
2025-04-23,989,304243.37,4,9326.95,0.4044,0.5502
2025-04-24,987,327048.04,4,1827.32,0.4053,0.52
2025-04-25,1003,322118.42,5,1498.75,0.4985,0.545
2025-04-26,973,318070.7,10,10824.880000000001,1.0277,0.6173
2025-04-27,993,335404.6,5,765.88,0.5035,0.6212
2025-04-28,981,308189.86,5,392.57,0.5097,0.5789
2025-04-29,1007,325849.98,9,2178.79,0.8937,0.6058
2025-04-30,1026,289385.68,2,232.85000000000002,0.1949,0.5739
2025-05-01,991,284388.94,5,2262.71,0.5045,0.5879
2025-05-02,995,319359.71,4,746.55,0.402,0.5742
2025-05-03,979,359710.02,4,4168.08,0.4086,0.4877
2025-05-04,943,307136.37,5,387.91,0.5302,0.4912
2025-05-05,946,304399.95,8,3894.42,0.8457,0.5372
2025-05-06,1079,370276.81,9,4977.130000000001,0.8341,0.5317
2025-05-07,1013,390283.46,4,2455.71,0.3949,0.5615
2025-05-08,1024,348978.74,3,10738.050000000001,0.293,0.5302
2025-05-09,975,287352.22,8,3685.99,0.8205,0.5892
2025-05-10,988,337610.35,8,5059.03,0.8097,0.6458
2025-05-11,1030,365298.14,9,4796.07,0.8738,0.6945
2025-05-12,956,338188.68,10,2265.6699999999996,1.046,0.7219
2025-05-13,972,292742.22,8,5199.760000000001,0.823,0.7186
2025-05-14,1028,369787.48,6,4298.46,0.5837,0.7457
2025-05-15,1036,360055.57,8,5024.4400000000005,0.7722,0.816
2025-05-16,1012,407114.21,9,5573.14,0.8893,0.826
2025-05-17,1017,359612.32,6,663.61,0.59,0.7942
2025-05-18,1031,375695.65,7,1234.6,0.679,0.7657
2025-05-19,975,333130.34,6,9035.92,0.6154,0.7071
2025-05-20,961,380082.34,6,2183.7400000000002,0.6243,0.6799
2025-05-21,966,332063.5,12,4484.250000000001,1.2422,0.7716
2025-05-22,943,351460.95,2,29.67,0.2121,0.6951
2025-05-23,1004,307285.38,11,5238.75,1.0956,0.725
2025-05-24,985,308144.82,7,1321.8599999999997,0.7107,0.7429
2025-05-25,954,379673.17,8,1216.38,0.8386,0.7661
2025-05-26,966,326641.6,10,14561.54,1.0352,0.8261
2025-05-27,987,365829.7,7,8227.68,0.7092,0.8376
2025-05-28,997,345020.6,2,1105.1499999999999,0.2006,0.6875
2025-05-29,1015,325908.04,6,1591.46,0.5911,0.7383
2025-05-30,975,352974.1,6,3371.48,0.6154,0.6687
2025-05-31,963,318705.79,7,3247.66,0.7269,0.6708
2025-06-01,968,435097.03,4,876.8299999999999,0.4132,0.6113
2025-06-02,940,378825.56,5,509.56,0.5319,0.5405
2025-06-03,1025,333857.95,4,7215.94,0.3902,0.494
2025-06-04,967,359779.04,9,4540.35,0.9307,0.5983
2025-06-05,993,381937.18,14,8077.74,1.4099,0.7173
2025-06-06,1003,365256.36,6,648.1500000000001,0.5982,0.7144
2025-06-07,1038,381484.78,5,316.59,0.4817,0.6778
2025-06-08,974,335750.79,9,8773.35,0.924,0.7493
2025-06-09,1006,342297.98,7,4909.73,0.6958,0.7708
2025-06-10,990,360980.43,9,9512.15,0.9091,0.8464
2025-06-11,1033,386996.12,10,2198.98,0.9681,0.8526
2025-06-12,977,366700.88,5,2054.83,0.5118,0.7264
2025-06-13,951,364072.11,8,6688.82,0.8412,0.7605
2025-06-14,995,379951.68,9,3811.2,0.9045,0.823
2025-06-15,959,368810.94,8,3875.04,0.8342,0.8103
2025-06-16,1018,403456.91,6,698.25,0.5894,0.7945
2025-06-17,923,323729.11,6,1343.52,0.6501,0.7585
2025-06-18,979,394398.75,5,1415.6699999999998,0.5107,0.691
2025-06-19,935,348161.57,6,962.5500000000001,0.6417,0.7101
2025-06-20,984,391100.88,6,4949.41,0.6098,0.6772
2025-06-21,926,388569.39999999997,5,8177.18,0.54,0.6246
2025-06-22,970,342337.28,2,169.21,0.2062,0.5345
2025-06-23,1058,421478.71,5,4641.82,0.4726,0.5166
2025-06-24,953,394591.46,6,2126.45,0.6296,0.5143
2025-06-25,963,352631.82,5,626.71,0.5192,0.5155
2025-06-26,943,313455.21,15,14036.969999999998,1.5907,0.6473
2025-06-27,973,426399.51,7,7401.2,0.7194,0.6631
2025-06-28,982,362350.61,7,11634.449999999999,0.7128,0.6869
2025-06-29,1002,368353.16,4,1454.34,0.3992,0.7128
2025-06-30,956,370849.64,6,7192.79,0.6276,0.7383
2025-07-01,998,449585.16,3,1661.79,0.3006,0.6895
2025-07-02,1014,394126.11,8,3015.26,0.789,0.728
2025-07-03,975,425338.61,4,2651.79,0.4103,0.5652
2025-07-04,925,362656.98,8,2746.7400000000002,0.8649,0.5838
2025-07-05,1038,348261.9,6,3016.5,0.578,0.5646
2025-07-06,1028,400294.77,8,6409.75,0.7782,0.6201
2025-07-07,988,344429.76,3,1189.48,0.3036,0.5742
2025-07-08,1002,401149.0,9,2567.1,0.8982,0.66
2025-07-09,956,435722.59,3,37.68,0.3138,0.5932
2025-07-10,929,423607.05,2,59.93,0.2153,0.568
2025-07-11,981,419165.52,8,8003.78,0.8155,0.5634
2025-07-12,1018,402473.08,4,14478.55,0.3929,0.5361
2025-07-13,1020,404866.19,5,2302.11,0.4902,0.4932
2025-07-14,978,430601.02,6,1912.75,0.6135,0.5375
2025-07-15,972,369216.07,5,1813.5399999999997,0.5144,0.4815
2025-07-16,982,464380.56,4,1265.1699999999998,0.4073,0.4942
2025-07-17,1023,421079.37,7,5621.39,0.6843,0.5592
2025-07-18,986,403097.41,7,1680.9600000000003,0.7099,0.5445
2025-07-19,985,444214.8,5,859.64,0.5076,0.5615
2025-07-20,1006,409151.69,6,2672.13,0.5964,0.577
2025-07-21,1006,411273.41,4,1275.3400000000001,0.3976,0.546
2025-07-22,982,370956.84,6,6890.58,0.611,0.5595
2025-07-23,947,383529.99,4,3773.13,0.4224,0.5624
2025-07-24,992,435622.6,6,3203.85,0.6048,0.5504
2025-07-25,942,465548.29,3,474.71999999999997,0.3185,0.4956
2025-07-26,958,340498.67,5,5015.06,0.5219,0.4976
2025-07-27,1059,410931.33,8,3516.19,0.7554,0.5228
2025-07-28,1002,361693.34,5,1758.4099999999999,0.499,0.5376
2025-07-29,1007,444850.68,8,9109.07,0.7944,0.5646
2025-07-30,977,439849.83,4,972.45,0.4094,0.5622
2025-07-31,945,403180.96,5,4913.25,0.5291,0.5515
2025-08-01,1038,486603.89,9,2674.56,0.8671,0.6298
2025-08-02,1001,374637.3,7,4385.62,0.6993,0.6544
2025-08-03,958,477471.02,5,2823.96,0.5219,0.6207
2025-08-04,938,389431.94,6,1775.25,0.6397,0.641
2025-08-05,1025,460601.76,1,3.17,0.0976,0.5376
2025-08-06,957,477927.6,5,8131.24,0.5225,0.5538
2025-08-07,942,379862.56,7,8223.769999999999,0.7431,0.5832
2025-08-08,968,431618.5,6,556.57,0.6198,0.545
2025-08-09,979,448345.13,6,728.82,0.6129,0.532
2025-08-10,977,470035.96,3,5394.6,0.3071,0.501
2025-08-11,994,443639.48,6,1697.4399999999998,0.6036,0.4969
2025-08-12,997,501254.47,4,659.48,0.4012,0.543
2025-08-13,974,460631.7,4,649.4599999999999,0.4107,0.527
2025-08-14,994,412190.44,6,2953.41,0.6036,0.5085
2025-08-15,978,408280.72,2,705.92,0.2045,0.4497
2025-08-16,999,431249.89,14,3438.3,1.4014,0.5642
2025-08-17,970,407580.74,10,5805.789999999999,1.0309,0.6661
2025-08-18,975,457532.04,8,6180.719999999999,0.8205,0.697
2025-08-19,966,467563.0,8,7687.2699999999995,0.8282,0.7585
2025-08-20,1019,458412.17,6,25099.409999999996,0.5888,0.7825
2025-08-21,993,438252.75,7,10386.339999999998,0.7049,0.7971
2025-08-22,1044,424520.75,9,9546.22,0.8621,0.89
2025-08-23,977,449696.44,6,3707.86,0.6141,0.7776
2025-08-24,969,435647.33,6,4177.290000000001,0.6192,0.7201
2025-08-25,967,492181.73,9,10948.73,0.9307,0.7354
2025-08-26,991,411418.94,7,3165.38,0.7064,0.7184
2025-08-27,970,442279.34,5,1642.8000000000002,0.5155,0.709
2025-08-28,990,413235.81,7,3232.54,0.7071,0.7093
2025-08-29,1025,498717.12,7,2266.3599999999997,0.6829,0.6822
2025-08-30,984,501751.66,3,697.53,0.3049,0.6381
2025-08-31,1020,503164.8,5,317.16999999999996,0.4902,0.619
2025-09-01,986,426630.0,5,3543.3299999999995,0.5071,0.5599
2025-09-02,959,464638.93,3,2135.31,0.3128,0.5048
2025-09-03,985,510278.05,4,874.08,0.4061,0.4893
2025-09-04,982,423043.45,4,1643.6299999999999,0.4073,0.4466
2025-09-05,943,420575.84,6,2652.4600000000005,0.6363,0.4374
2025-09-06,967,429881.67,7,912.01,0.7239,0.4969
2025-09-07,982,524876.82,5,454.66,0.5092,0.4997
2025-09-08,990,427172.64,5,2327.86,0.5051,0.4994
2025-09-09,1027,485868.12,4,2972.83,0.3895,0.509
2025-09-10,970,530452.1,4,999.1,0.4124,0.5101
2025-09-11,1023,478334.58,8,1134.55,0.782,0.5651
2025-09-12,985,480952.79,5,8575.63,0.5076,0.5472
2025-09-13,992,507453.36,3,600.89,0.3024,0.4879
2025-09-14,965,479126.54,10,5275.56,1.0363,0.561
2025-09-15,942,394141.62,7,3177.18,0.7431,0.5939
2025-09-16,1006,470616.07,3,1585.96,0.2982,0.5811
2025-09-17,980,462620.32,10,10483.02,1.0204,0.6673
2025-09-18,990,467241.45,6,16751.420000000002,0.6061,0.6414
2025-09-19,983,490083.86,5,2317.49,0.5086,0.6416
2025-09-20,996,446356.87,7,1691.0700000000002,0.7028,0.6995
2025-09-21,964,513982.18,3,392.74,0.3112,0.5976
2025-09-22,1026,519420.0,3,887.75,0.2924,0.5328
2025-09-23,1045,498248.27,3,776.16,0.2871,0.5298
2025-09-24,959,445790.67,5,4614.59,0.5214,0.4596
2025-09-25,988,560414.32,7,4412.61,0.7085,0.4741
2025-09-26,981,478108.81,5,2508.79,0.5097,0.4742
2025-09-27,979,492628.3,6,14736.869999999999,0.6129,0.461
2025-09-28,975,477689.72,7,3625.99,0.7179,0.5178
2025-09-29,992,513178.98,6,9346.509999999998,0.6048,0.5637
2025-09-30,1012,544886.23,4,962.93,0.3953,0.5809
2025-10-01,1020,571164.07,7,10838.210000000001,0.6863,0.6046
2025-10-02,929,472682.87,3,1786.6499999999999,0.3229,0.5517
2025-10-03,999,578572.8099999999,10,11341.14,1.001,0.6226
2025-10-04,968,530051.63,9,6466.8099999999995,0.9298,0.6672
2025-10-05,916,407028.31,3,1901.92,0.3275,0.6144
2025-10-06,1025,570493.9,6,1054.53,0.5854,0.6114
2025-10-07,933,470027.83,8,3907.33,0.8574,0.6775
2025-10-08,988,542648.14,9,3567.4100000000003,0.9109,0.7103
2025-10-09,993,603153.71,3,12877.98,0.3021,0.7036
2025-10-10,990,600560.45,6,1940.3700000000001,0.6061,0.6458
2025-10-11,1047,495143.28,3,2561.39,0.2865,0.5514
2025-10-12,950,493622.23,3,14480.18,0.3158,0.5487
2025-10-13,979,481043.57,8,9034.630000000001,0.8172,0.5814
2025-10-14,968,461878.82,6,1333.28,0.6198,0.5495
2025-10-15,1008,532865.62,5,2510.9900000000002,0.496,0.4903
2025-10-16,1020,491313.06,12,2745.23,1.1765,0.6176
2025-10-17,967,548118.12,3,1272.0,0.3102,0.5765
2025-10-18,942,522685.5,6,1904.5400000000002,0.6369,0.6292
2025-10-19,949,540685.96,9,7506.96,0.9484,0.7171
2025-10-20,984,483371.4,10,13660.450000000003,1.0163,0.7458
2025-10-21,999,516149.9,13,5017.619999999998,1.3013,0.8444
2025-10-22,987,525075.05,5,7723.870000000001,0.5066,0.847
2025-10-23,976,512553.33,6,8246.210000000001,0.6148,0.7643
2025-10-24,971,505126.14,2,1474.13,0.206,0.7491
2025-10-25,943,456953.11,4,1013.78,0.4242,0.7196
2025-10-26,982,514721.4,6,1377.04,0.611,0.6723
2025-10-27,978,445594.83,3,525.66,0.3067,0.5705
2025-10-28,1004,512529.86,4,6710.709999999999,0.3984,0.4385
2025-10-29,982,487910.9,7,5418.620000000001,0.7128,0.4681
2025-10-30,1042,538678.92,7,2134.1699999999996,0.6718,0.4781
2025-10-31,988,527796.61,4,1325.6,0.4049,0.5059
2025-11-01,1007,534848.11,9,4133.87,0.8937,0.5728
2025-11-02,967,457874.77,6,3380.39,0.6205,0.5741
2025-11-03,980,535084.03,3,935.3199999999999,0.3061,0.5739
2025-11-04,963,550818.75,7,1152.9299999999998,0.7269,0.6206
2025-11-05,930,565256.1,4,1970.2199999999998,0.4301,0.5816
2025-11-06,976,527524.75,5,926.8800000000001,0.5123,0.5579
2025-11-07,1025,534858.22,10,10865.949999999999,0.9756,0.6425
2025-11-08,956,494498.02,7,6885.68,0.7322,0.6179
2025-11-09,997,539588.68,3,634.8499999999999,0.3009,0.5713
2025-11-10,982,532499.5,7,4468.500000000001,0.7128,0.6297
2025-11-11,1062,564524.98,6,11769.11,0.565,0.6062
2025-11-12,965,563882.92,4,658.0799999999999,0.4145,0.6032
2025-11-13,1013,536391.98,6,1402.4299999999998,0.5923,0.6143
2025-11-14,1052,703908.03,8,2837.84,0.7605,0.5835
2025-11-15,1006,496665.05,7,5194.07,0.6958,0.5793
2025-11-16,975,597163.37,7,8666.900000000001,0.7179,0.6378
2025-11-17,1003,579168.76,5,4192.2,0.4985,0.6077
2025-11-18,984,566616.14,12,60473.42999999999,1.2195,0.7002
2025-11-19,962,507443.08,2,911.0899999999999,0.2079,0.6719
2025-11-20,926,560133.38,8,5617.65,0.8639,0.7093
2025-11-21,947,575868.03,12,2342.8500000000004,1.2672,0.7791
2025-11-22,1015,601333.69,6,1562.35,0.5911,0.7634
2025-11-23,1034,630452.02,8,3173.5699999999997,0.7737,0.7714
2025-11-24,959,562760.97,2,3095.9,0.2086,0.7324
2025-11-25,960,459059.31,6,976.72,0.625,0.6468
2025-11-26,960,561285.39,6,2394.84,0.625,0.7058
2025-11-27,1027,622181.05,6,10682.759999999998,0.5842,0.6665
2025-11-28,980,601721.79,6,2024.65,0.6122,0.5768
2025-11-29,962,525581.42,6,3054.4199999999996,0.6237,0.5812
2025-11-30,1009,680655.45,3,6374.19,0.2973,0.5104
2025-12-01,1013,632559.0,4,629.05,0.3949,0.5354
2025-12-02,1045,560652.59,7,3763.09,0.6699,0.5432
2025-12-03,947,508401.2,2,3348.2,0.2112,0.4869
2025-12-04,1014,522186.5,5,10795.099999999999,0.4931,0.4735
2025-12-05,1006,555393.65,7,5625.05,0.6958,0.486
2025-12-06,991,584472.11,7,2492.1299999999997,0.7064,0.4982
2025-12-07,1009,628003.76,5,6732.150000000001,0.4955,0.5267
2025-12-08,1039,630815.2,6,16911.480000000003,0.5775,0.5531
2025-12-09,989,611646.68,6,3310.29,0.6067,0.5432
2025-12-10,1011,566731.68,6,4758.91,0.5935,0.595
2025-12-11,948,569333.21,8,12694.080000000002,0.8439,0.6435
2025-12-12,1054,561697.6,4,4805.16,0.3795,0.5965
2025-12-13,1008,593264.32,4,1240.27,0.3968,0.5526
2025-12-14,958,624731.18,7,5782.62,0.7307,0.5851
2025-12-15,958,569072.12,5,1044.6100000000001,0.5219,0.5775
2025-12-16,953,541196.76,6,1053.53,0.6296,0.5806
2025-12-17,982,558050.1900000001,7,5271.610000000001,0.7128,0.5976
2025-12-18,986,556257.43,6,11994.91,0.6085,0.5653
2025-12-19,1010,631207.06,4,1856.08,0.396,0.5689
2025-12-20,961,506382.61,9,11649.42,0.9365,0.6463
2025-12-21,967,590904.14,3,290.47,0.3102,0.5868
2025-12-22,975,538576.13,9,20515.870000000003,0.9231,0.6438
2025-12-23,1011,724000.68,9,24194.22,0.8902,0.682
2025-12-24,963,632205.77,7,1252.1100000000001,0.7269,0.6838
2025-12-25,931,725249.76,6,6002.719999999999,0.6445,0.6894
2025-12-26,990,625922.5,6,4033.2599999999998,0.6061,0.7208
2025-12-27,990,572766.2,6,8918.11,0.6061,0.6738
2025-12-28,992,638065.82,5,12047.31,0.504,0.7005
2025-12-29,968,676156.12,7,3829.17,0.7231,0.672
2025-12-30,991,639861.17,5,2424.35,0.5045,0.6154
